Top queries,Clicks,Impressions,CTR,Position
dr shreyank educare,2,55,3.64%,2.69
dr shreyank gupta,2,26,7.69%,1.5
high school tutor burnaby,1,13,7.69%,15.15
ap calculus tutors near me,1,6,16.67%,13.33
tutoring places near me,1,4,25%,1
tutor for computer science,1,2,50%,19
tutor places,1,1,100%,1
in person,1,1,100%,2
math tutor abbotsford,0,136,0%,58.06
math tutoring burnaby,0,73,0%,5.14
chemistry tutor burnaby,0,65,0%,5.31
university physics tutor vancouver,0,64,0%,9.33
pre calculus 12 tutor burnaby,0,63,0%,4.79
computer science tutor,0,63,0%,20.52
physics tutor burnaby,0,60,0%,5.65
math tutor burnaby,0,59,0%,14.73
coding tutor burnaby,0,58,0%,5.41
university biology tutor vancouver,0,53,0%,8.32
university physics tutor,0,48,0%,9.25
chemistry tutor vancouver,0,44,0%,17.55
physics 11 tutor vancouver,0,39,0%,11.64
tutoring burnaby,0,39,0%,35.56
physical chemistry tutor,0,36,0%,9.17
precalculus tutors near me,0,35,0%,11.89
best math tutor burnaby,0,32,0%,8.84
math tutoring in burnaby,0,30,0%,1.53
coding tutoring,0,30,0%,7.27
linear algebra tutor,0,29,0%,12.03
physics tutoring,0,28,0%,1.32
best math tutor in burnaby,0,28,0%,5.89
best pre-calculus tutor burnaby,0,27,0%,7.81
grade 8 math tutor vancouver,0,26,0%,16.96
ib math tutor burnaby,0,25,0%,8.32
ap chemistry tutor burnaby,0,25,0%,10.84
science tutor burnaby,0,25,0%,10.88
chemistry tutoring vancouver,0,25,0%,15.48
actuary tutors,0,25,0%,45.2
dr shreyank educare reviews,0,24,0%,1.96
engineering math tutor,0,24,0%,2.58
best tutoring centre in burnaby,0,24,0%,3.54
one on one math tutor burnaby,0,24,0%,8.71
math tutoring vancouver,0,24,0%,38.54
biology 11 tutor burnaby,0,23,0%,2.65
ap physics tutor burnaby,0,23,0%,7.04
grade 11 math tutor burnaby,0,23,0%,9.13
ap computer science tutor vancouver,0,22,0%,7.64
best tutor in burnaby,0,22,0%,13.91
foundations of math 11 tutor burnaby,0,21,0%,4.62
biology tutor vancouver,0,21,0%,7.62
computer science tutor vancouver,0,21,0%,8.62
pre calculus math tutor,0,21,0%,16.76
8th grade math tutors,0,21,0%,37.33
chemistry 11 tutor burnaby,0,20,0%,7.8
math tutors near me,0,19,0%,1
best math tutor vancouver,0,19,0%,2.63
tutoring programs burnaby,0,19,0%,2.63
python tutor burnaby,0,19,0%,3.95
c programming tutor vancouver,0,19,0%,6.63
chemistry 12 tutor burnaby,0,19,0%,7.47
best chemistry tutor burnaby,0,19,0%,10.53
biology 12 tutor burnaby,0,18,0%,2.61
private tutor burnaby,0,18,0%,3.83
experienced math tutor burnaby,0,18,0%,5
physics 11 tutor burnaby,0,18,0%,6.17
ap calculus tutor burnaby,0,18,0%,11.5
ap biology tutor vancouver,0,18,0%,13.78
biology tutors near me,0,18,0%,16.56
computer science tutoring,0,18,0%,21.22
grade 12 math tutor burnaby,0,17,0%,4.76
python tutor vancouver,0,17,0%,4.94
genetics tutor,0,17,0%,5.76
grade 9 math tutor burnaby,0,17,0%,8
investment management tutor,0,17,0%,8.35
academic tutoring burnaby,0,17,0%,11.94
physics tutoring vancouver,0,17,0%,22.12
experienced physics tutor burnaby,0,16,0%,3.75
pre calculus 11 tutor burnaby,0,16,0%,3.94
foundations of math 12 tutor burnaby,0,16,0%,4.88
best sat prep,0,16,0%,11.5
summer tutoring,0,16,0%,51.75
biology tutor burnaby,0,15,0%,2.4
best biology tutor burnaby,0,15,0%,3.4
grade 10 math tutor burnaby,0,15,0%,3.53
high school tutoring burnaby,0,15,0%,4.4
ib math tutor vancouver,0,15,0%,15.33
actuary tutor,0,15,0%,44.07
tutoring near me,0,14,0%,1.14
javascript tutor vancouver,0,14,0%,5.36
bcom finance tutor vancouver,0,14,0%,6.86
engineering physics tutor,0,14,0%,10.36
one-on-one tutoring burnaby,0,14,0%,11.71
high school computer science tutor,0,14,0%,13.14
organic chemistry tutor vancouver,0,14,0%,16.07
online actuary tutor,0,14,0%,24
tutors in burnaby,0,14,0%,38
actuary tutoring,0,14,0%,38.07
burnaby tutors,0,14,0%,46.29
high school tutors near me,0,13,0%,1
physics 12 tutor burnaby,0,13,0%,4.38
medical sciences tutor caribbean,0,13,0%,8.23
private web development tutor vancouver,0,13,0%,8.54
corporate finance tutor,0,13,0%,10.46
grade 10 math tutor vancouver,0,13,0%,12.15
university chemistry tutor vancouver,0,13,0%,13.54
chemistry tutor langara,0,13,0%,13.92
ap physics tutor vancouver,0,13,0%,15.62
biology tutoring,0,13,0%,16.23
elementary tutor near me,0,12,0%,1
tutoring programs vancouver,0,12,0%,5.33
medical sciences tutor canada,0,12,0%,8.58
mba finance tutor vancouver,0,12,0%,10.08
linear algebra tutor near me,0,12,0%,10.42
math help,0,12,0%,11.42
tutoring in burnaby,0,12,0%,12.17
grade 10 math tutor near me,0,12,0%,12.75
physics tutor vancouver,0,12,0%,20.08
finance tutor vancouver,0,11,0%,7.91
computer programming tutor,0,11,0%,11.64
corporate finance tutor vancouver,0,11,0%,11.82
econometrics tutoring online,0,11,0%,41.45
online econometrics tutoring,0,11,0%,46.18
shreyank,0,10,0%,8.2
physics 12 tutor vancouver,0,10,0%,11.6
ubc math 105 tutor,0,10,0%,15.3
python tutor near me,0,10,0%,20.4
6th grade math tutors,0,10,0%,36.6
academic support burnaby,0,10,0%,64.9
burnaby private tutoring,0,9,0%,2.56
coding tutor for teens burnaby,0,9,0%,5.78
financial management tutor vancouver,0,9,0%,8
sat tutor vancouver,0,9,0%,9.78
gmat tutor vancouver,0,9,0%,14
python tutoring,0,9,0%,18.44
biology tutors,0,9,0%,18.89
ap chemistry tutor vancouver,0,9,0%,19
ubc math tutor,0,9,0%,20.56
tutor doctor burnaby,0,9,0%,21.67
math tutor vancouver,0,9,0%,33.89
statistics tutor vancouver,0,9,0%,35.67
private actuary tutors,0,9,0%,37
online microeconomics tutor,0,9,0%,47.89
dr. shreyank educare,0,8,0%,1
computer science tutors near me,0,8,0%,12.12
university math tutor vancouver,0,8,0%,13.88
ib physics tutor vancouver,0,8,0%,14.38
finance tutors,0,8,0%,19.62
r programming online tutor,0,8,0%,30.38
dr singh tutor,0,8,0%,31.25
trigonometry tutor,0,8,0%,33.75
javascript tutor burnaby,0,7,0%,2.86
actuarial science tutor canada,0,7,0%,6.43
computer science tutor near me,0,7,0%,10.43
best math help,0,7,0%,11.43
actuarial science tutor uk,0,7,0%,13.29
biology tutor,0,7,0%,17.71
calculus tutor vancouver,0,7,0%,23.86
online calculus tutors vancouver,0,7,0%,25.43
calculus tutors vancouver,0,7,0%,28.86
actuary tutor near me,0,7,0%,41.71
econometrics tutor online,0,7,0%,46
dr.shreyank educare,0,6,0%,1
coding tutoring burnaby,0,6,0%,3.33
investment management tutor vancouver,0,6,0%,6.5
university finance tutoring vancouver,0,6,0%,6.83
cell biology tutor,0,6,0%,8.17
ib chemistry tutor vancouver,0,6,0%,8.67
health sciences tutor canada,0,6,0%,9.67
online actuarial exam tutor,0,6,0%,11.5
cs tutoring,0,6,0%,12.83
ib math tutors near me,0,6,0%,14
computer tutoring rates,0,6,0%,16.17
machine learning tutor,0,6,0%,16.33
chemistry 12 tutor vancouver,0,6,0%,16.67
french classes surrey,0,6,0%,17.17
comp sci tutors,0,6,0%,18.5
tutoring,0,6,0%,18.5
data science tutor near me,0,6,0%,19.5
calculus 1 tutor vancouver,0,6,0%,21.5
precalculus tutor near me,0,6,0%,23.83
computer science tutors,0,6,0%,25
college biology tutor,0,6,0%,27.33
university chemistry tutoring,0,6,0%,30
best tutoring centers for adhd,0,5,0%,1
tutor,0,5,0%,5.2
best math tutoring in burnaby,0,5,0%,6.8
finance exam preparation tutor vancouver,0,5,0%,6.8
math tutors burnaby,0,5,0%,8.4
cfa tutor vancouver,0,5,0%,10.4
computer science tutoring near me,0,5,0%,10.6
stem tutor vancouver,0,5,0%,11.2
actuarial science tutor usa,0,5,0%,11.4
cs tutor,0,5,0%,12
grade 12 math tutor,0,5,0%,13.2
biology tutors for college students,0,5,0%,16.8
chemistry 11 tutor vancouver,0,5,0%,21.4
precalculus tutoring,0,5,0%,22.6
ap calculus tutor vancouver,0,5,0%,23.2
college chemistry tutor,0,5,0%,24
math 100,0,5,0%,26
precalculus tutors,0,5,0%,26.4
online r tutor,0,5,0%,26.6
calculus tutor,0,5,0%,29.2
calculus tutoring,0,5,0%,30.2
python tutors near me,0,5,0%,30.4
pathophysiology tutor,0,5,0%,34.8
math tutor,0,4,0%,1
web development tutor burnaby,0,4,0%,4
university finance tutor vancouver,0,4,0%,5
ap tutoring near me,0,4,0%,13.75
math 104 ubc,0,4,0%,14.75
science tutor,0,4,0%,16.75
physics tutor ubc,0,4,0%,19.25
ap chemistry tutors near me,0,4,0%,19.5
chemistry tutors for college,0,4,0%,21.5
college chemistry tutors,0,4,0%,22
physiology tutor,0,4,0%,22.25
algebra tutor,0,4,0%,23.5
ap chemistry tutoring near me,0,4,0%,24.75
data science tutor,0,4,0%,27.75
calculus 2 tutor online,0,4,0%,28.75
10 grade math tutor,0,4,0%,29.25
calculus ab tutor near me,0,4,0%,29.75
organic chemistry tutoring,0,4,0%,33
repeat grade 12 physics,0,4,0%,33.75
ib mock exam tutor,0,4,0%,43.75
science tutoring,0,4,0%,44.5
singapore math tutor near me,0,4,0%,50.25
after school math classes,0,4,0%,55.5
private tutor,0,3,0%,1
math tutor rate,0,3,0%,4
maths classes near me,0,3,0%,4.33
data science tutors,0,3,0%,6
java tutors near me,0,3,0%,6
html css javascript tutor vancouver,0,3,0%,7
tutor burnaby,0,3,0%,13.33
healthcare sciences tutor canada,0,3,0%,14
high school biology tutor,0,3,0%,14
ib biology tutor vancouver,0,3,0%,14.33
gmat prep vancouver,0,3,0%,14.67
math tutoring near me,0,3,0%,14.67
biology tutor near me,0,3,0%,15.67
newtons tutoring,0,3,0%,16
grade 12 math tutor vancouver,0,3,0%,16.33
burnaby tutoring,0,3,0%,17.67
ubc math 104,0,3,0%,18
computer programming tutors near me,0,3,0%,23
gre coaching canada,0,3,0%,23
algebra tutors,0,3,0%,23.67
pre calc tutoring,0,3,0%,23.67
biomedical engineering tutor,0,3,0%,26
institute of actuaries tutors,0,3,0%,33
online pharmacology tutor,0,3,0%,33.33
math 100 syllabus,0,3,0%,34
ib math tutor,0,3,0%,39.33
online pharmacology tutors,0,3,0%,39.33
top-rated calculus tutors richmond,0,3,0%,41
calculus 2 tutoring,0,3,0%,42.67
econometrics tutors online,0,3,0%,48.33
online macroeconomics tutor,0,3,0%,57.33
orton gillingham tutors near me,0,2,0%,1
online medical sciences tutor usa,0,2,0%,1.5
math and science,0,2,0%,2
math and science tutor,0,2,0%,3.5
online health sciences tutor,0,2,0%,3.5
tutoring jobs burnaby,0,2,0%,4.5
physics tutor grade 12,0,2,0%,5
chemistry 12 review,0,2,0%,5.5
programming tutor,0,2,0%,6
sat prep,0,2,0%,7
calculus tutors near me,0,2,0%,8
grade 10 tutor,0,2,0%,8
math learning,0,2,0%,8
chem 111 ubc,0,2,0%,9
ap biology tutoring near me,0,2,0%,11
ib math tutor near me,0,2,0%,11
ib math tutors,0,2,0%,11.5
precalc tutor,0,2,0%,11.5
math courses,0,2,0%,12
summer math tutoring,0,2,0%,12.5
computer coding tutor,0,2,0%,13.5
engineering statics tutor,0,2,0%,13.5
organic chemistry tutors near me,0,2,0%,13.5
cfa level 1 tutor vancouver,0,2,0%,15
financial accounting tutor vancouver,0,2,0%,15.5
burnaby in home tutoring services,0,2,0%,16
need a really smart tutor for high school advanced classes,0,2,0%,16
ubc math 100 textbook,0,2,0%,17
tutoring rates,0,2,0%,17.5
math 405 ubc,0,2,0%,18.5
best gmat tutor vancouver,0,2,0%,19
year 10 maths tutor,0,2,0%,19.5
financial accounting tutoring,0,2,0%,21
online tutoring for dyslexia,0,2,0%,21
math 102 ubc,0,2,0%,22
math 215 ubc,0,2,0%,24
tutoring pricing,0,2,0%,26.5
pharmacology tutor online,0,2,0%,27
programming tutor near me,0,2,0%,27
linear algebra tutors,0,2,0%,28.5
r programming tutor,0,2,0%,29
microbiology tutor,0,2,0%,29.5
gmat tutors near,0,2,0%,30.5
tutor rates,0,2,0%,30.5
science tutor near me,0,2,0%,31
gmat tutor near,0,2,0%,32.5
6th grade math tutor,0,2,0%,35.5
ib program tutoring,0,2,0%,35.5
vancouver private school physics 12,0,2,0%,39
college calculus tutors near me,0,2,0%,39.5
tutoring for dyslexia,0,2,0%,41
ib diploma tutoring,0,2,0%,44
mr lam physics,0,2,0%,44.5
8th grade math tutor,0,2,0%,46.5
10th grade math tutor,0,2,0%,48
tutor doctor vancouver,0,2,0%,50
math 106,0,2,0%,54
online math tutoring for 6th graders,0,2,0%,58
chemistry in usa contact,0,2,0%,58.5
grade 8 maths tutor online,0,2,0%,59
math tutor grade 8,0,2,0%,61
microeconomics tutor online,0,2,0%,61
online math tutoring for 8th graders,0,2,0%,62
tutoring surrey,0,2,0%,62.5
rd exam tutoring,0,2,0%,66.5
reading fluency python,0,1,0%,1
best reading tutor for kids,0,1,0%,1
concept gap,0,1,0%,1
math tutors,0,1,0%,1
medical sciences tutor usa,0,1,0%,1
physics tutors,0,1,0%,1
stem tutoring,0,1,0%,1
tutoring centres,0,1,0%,1
tutoring for adhd,0,1,0%,1
tutoring options,0,1,0%,1
ultrasound burnaby,0,1,0%,1
math tutor jobs near me,0,1,0%,2
toturing,0,1,0%,2
tutoring centre,0,1,0%,2
british columbia,0,1,0%,4
math learning center,0,1,0%,4
tutoring centers near me,0,1,0%,4
tutoring richmond,0,1,0%,4
tutoring vancouver,0,1,0%,4
grade 11 math tutor near me,0,1,0%,5
sat prep courses,0,1,0%,5
best tutoring near me,0,1,0%,6
physics tuition near me,0,1,0%,6
tutoring math near me,0,1,0%,6
grade 10 math tutor,0,1,0%,7
math tutor job,0,1,0%,7
tutoring north vancouver,0,1,0%,8
english tutor burnaby,0,1,0%,9
math tutors near me for high school,0,1,0%,10
shreya educare reviews,0,1,0%,10
ap chemistry tutor,0,1,0%,11
math tutor near me,0,1,0%,11
coding tutor,0,1,0%,13
reading tutor near me,0,1,0%,13
finance tutor online,0,1,0%,16
pre calc tutor,0,1,0%,16
precalculus 12 bc,0,1,0%,16
physics tutor north shore,0,1,0%,17
math 100 ubc,0,1,0%,18
physics tutor sfu,0,1,0%,19
pre calculus 12 bc,0,1,0%,19
chemistry tutoring,0,1,0%,23
french classes burnaby,0,1,0%,23
grade 11 math tutor vancouver,0,1,0%,23
university tutoring vancouver,0,1,0%,25
pre-calculus 12 bc,0,1,0%,26
chemistry tutor ubc,0,1,0%,29
tutoring in coquitlam bc,0,1,0%,29
international baccalaureate tutoring,0,1,0%,30
precalculus tutor,0,1,0%,32
math tutor surrey bc,0,1,0%,33
new westminster tutors,0,1,0%,33
pre calculus tutoring,0,1,0%,33
computing science tutor,0,1,0%,34
french tutor in vancouver,0,1,0%,34
coquitlam tutors,0,1,0%,36
math and physics tutoring,0,1,0%,36
bc pre calculus 12,0,1,0%,37
french tutor vancouver,0,1,0%,37
math classes vancouver,0,1,0%,42
math tutoring north vancouver,0,1,0%,41
online science tutoring,0,1,0%,41
pre calculus tutor near me,0,1,0%,46
math tutor coquitlam,0,1,0%,47
science tutors,0,1,0%,48
online chemistry tutor,0,1,0%,50
pre calc 12,0,1,0%,51
french classes surrey bc,0,1,0%,53
physics tutor online,0,1,0%,76
ib physics tutor,0,1,0%,79
