url,route_type,city,subject,modifier,unique_words,total_words,max_similarity,most_similar_url,proposed_action
"/programs/finance","program","","finance","","580","603","0.418","/programs/university-finance","keep"
"/programs/university-finance","program","","finance","","800","829","0.418","/programs/finance","keep"
"/ib-tutor-vancouver","seoPage","vancouver","ib","","225","474","0.41","/ib-tutor-burnaby","keep"
"/ib-tutor-burnaby","seoPage","burnaby","ib","","225","474","0.41","/ib-tutor-vancouver","keep"
"/ib-chemistry-tutor-vancouver","seoPage","vancouver","chemistry","","228","472","0.372","/ib-physics-tutor-vancouver","keep"
"/ib-physics-tutor-vancouver","seoPage","vancouver","physics","","215","459","0.372","/ib-chemistry-tutor-vancouver","keep"
"/ap-physics-tutor-vancouver","seoPage","vancouver","physics","","240","484","0.33","/ap-physics-tutor-burnaby","keep"
"/ap-physics-tutor-burnaby","seoPage","burnaby","physics","","225","469","0.33","/ap-physics-tutor-vancouver","keep"
"/math-tutor-coquitlam","city","coquitlam","math","","1038","1294","0.325","/math-tutor-surrey","keep"
"/math-tutor-surrey","city","surrey","math","","1026","1282","0.325","/math-tutor-coquitlam","keep"
"/math-tutor-port-moody","city","port-moody","math","","1007","1263","0.309","/math-tutor-surrey","merge -> /math-tutor-coquitlam"
"/math-tutor-richmond","city","richmond","math","","1093","1349","0.306","/math-tutor-port-moody","keep"
"/math-tutor-port-coquitlam","city","coquitlam","math","","1124","1380","0.303","/math-tutor-coquitlam","merge -> /math-tutor-coquitlam"
"/math-tutor-north-vancouver","city","vancouver","math","","1041","1297","0.3","/math-tutor-port-moody","merge -> /math-tutor-vancouver"
"/math-tutor-new-westminster","city","new-westminster","math","","1120","1376","0.3","/math-tutor-surrey","keep"
"/math-tutor-west-vancouver","city","vancouver","math","","1033","1289","0.298","/math-tutor-port-moody","merge -> /math-tutor-vancouver"
"/math-tutor-delta","city","delta","math","","1101","1357","0.297","/math-tutor-port-moody","merge -> /math-tutor-surrey"
"/ap-chemistry-tutor-vancouver","seoPage","vancouver","chemistry","","237","486","0.297","/ap-chemistry-tutor-burnaby","keep"
"/ap-chemistry-tutor-burnaby","seoPage","burnaby","chemistry","","222","471","0.297","/ap-chemistry-tutor-vancouver","keep"
"/online-chemistry-tutor-canada","seoPage","","chemistry","","208","452","0.293","/online-physics-tutor-canada","keep"
"/online-physics-tutor-canada","seoPage","","physics","","204","448","0.293","/online-chemistry-tutor-canada","keep"
"/top-physics-tutor-vancouver","seoPage","vancouver","physics","top","223","467","0.275","/top-chemistry-tutor-vancouver","merge -> /programs/physics"
"/top-chemistry-tutor-vancouver","seoPage","vancouver","chemistry","top","211","455","0.275","/top-physics-tutor-vancouver","merge -> /programs/chemistry"
"/ap-computer-science-tutor-vancouver","seoPage","vancouver","computer-science","","227","471","0.266","/computer-science-tutor-vancouver","keep"
"/computer-science-tutor-vancouver","seoPage","vancouver","computer-science","","220","464","0.266","/ap-computer-science-tutor-vancouver","keep"
"/linear-algebra-tutor-online-canada","seoPage","","","","207","451","0.258","/differential-equations-tutor-online-canada","keep"
"/differential-equations-tutor-online-canada","seoPage","","","","203","447","0.258","/linear-algebra-tutor-online-canada","keep"
"/engineering-statics-tutor","seoPage","","","","209","453","0.25","/engineering-dynamics-tutor","keep"
"/engineering-dynamics-tutor","seoPage","","","","219","463","0.25","/engineering-statics-tutor","keep"
"/math-tutor-vancouver","city","vancouver","math","","1293","1554","0.24","/math-tutor-west-vancouver","keep"
"/calculus-2-tutor-online","seoPage","","calculus","","219","463","0.226","/linear-algebra-tutor-online-canada","keep"
"/physics-1-tutor-online","seoPage","","physics","","207","451","0.225","/engineering-dynamics-tutor","keep"
"/ib-math-sl-tutor-vancouver","seoPage","vancouver","math","","214","458","0.224","/ib-chemistry-tutor-vancouver","keep"
"/python-tutor-burnaby","seoPage","burnaby","python","","209","453","0.224","/python-tutor-vancouver","keep"
"/python-tutor-vancouver","seoPage","vancouver","python","","206","450","0.224","/python-tutor-burnaby","keep"
"/math-tutor-burnaby","city","burnaby","math","","1306","1562","0.222","/math-tutor-port-moody","keep"
"/grade-12-math-tutor-burnaby","seoPage","burnaby","math","","232","476","0.222","/grade-11-math-tutor-burnaby","keep"
"/grade-11-math-tutor-burnaby","seoPage","burnaby","math","","255","499","0.222","/grade-12-math-tutor-burnaby","keep"
"/calculus-1-tutor-online","seoPage","","calculus","","222","466","0.212","/linear-algebra-tutor-online-canada","keep"
"/top-math-tutor-vancouver","seoPage","vancouver","math","top","223","467","0.21","/top-chemistry-tutor-vancouver","merge -> /math-tutor-vancouver"
"/science-tutor-burnaby","seoPage","burnaby","science","","261","505","0.209","/science-tutoring-vancouver","keep"
"/science-tutoring-vancouver","seoPage","vancouver","science","","220","469","0.209","/science-tutor-burnaby","keep"
"/ap-calculus-tutor-burnaby","seoPage","burnaby","calculus","","269","518","0.2","/ap-calculus-tutor-vancouver","keep"
"/ap-calculus-tutor-vancouver","seoPage","vancouver","calculus","","253","502","0.2","/ap-calculus-tutor-burnaby","keep"
"/university-math-tutor-vancouver","seoPage","vancouver","math","","220","464","0.199","/university-calculus-tutor-vancouver","keep"
"/university-calculus-tutor-vancouver","seoPage","vancouver","calculus","","218","462","0.199","/university-math-tutor-vancouver","keep"
"/ap-tutor-vancouver","seoPage","vancouver","ap","","232","476","0.198","/ap-physics-tutor-vancouver","keep"
"/first-year-engineering-tutor","seoPage","","","","220","464","0.198","/physics-1-tutor-online","keep"
"/foundations-of-math-11-tutor-burnaby","seoPage","burnaby","math","","239","483","0.197","/workplace-math-tutor-burnaby","keep"
"/workplace-math-tutor-burnaby","seoPage","burnaby","math","","215","464","0.197","/foundations-of-math-11-tutor-burnaby","keep"
"/chemistry-11-tutor-burnaby","seoPage","burnaby","chemistry","","250","494","0.196","/biology-11-tutor-burnaby","keep"
"/biology-11-tutor-burnaby","seoPage","burnaby","biology","","212","461","0.196","/chemistry-11-tutor-burnaby","keep"
"/chemistry-12-final-exam-review","seoPage","","chemistry","","250","494","0.194","/physics-12-final-exam-review","keep"
"/physics-12-final-exam-review","seoPage","","physics","","253","497","0.194","/chemistry-12-final-exam-review","keep"
"/stem-tutor-vancouver","seoPage","vancouver","stem","","265","514","0.189","/stem-tutoring-burnaby","keep"
"/physics-12-tutor-burnaby","seoPage","burnaby","physics","","239","483","0.189","/physics-11-tutor-burnaby","keep"
"/physics-11-tutor-burnaby","seoPage","burnaby","physics","","243","487","0.189","/physics-12-tutor-burnaby","keep"
"/stem-tutoring-burnaby","seoPage","burnaby","stem","","229","473","0.189","/stem-tutor-vancouver","keep"
"/online-pre-calculus-tutor-canada","seoPage","","pre-calculus","","218","462","0.189","/online-ap-calculus-tutor-canada","keep"
"/online-ap-calculus-tutor-canada","seoPage","","calculus","","216","460","0.189","/online-pre-calculus-tutor-canada","keep"
"/exam-prep-tutor-vancouver","seoPage","vancouver","","","251","495","0.188","/ib-math-exam-preparation-vancouver","keep"
"/ib-math-exam-preparation-vancouver","seoPage","vancouver","math","","248","492","0.188","/exam-prep-tutor-vancouver","keep"
"/chemistry-12-tutor-burnaby","seoPage","burnaby","chemistry","","253","497","0.187","/physics-12-tutor-burnaby","keep"
"/final-exam-review-tutoring-burnaby","seoPage","burnaby","","","268","512","0.186","/exam-prep-tutor-vancouver","keep"
"/pre-calculus-12-final-exam-review","seoPage","","pre-calculus","","270","514","0.184","/chemistry-12-final-exam-review","keep"
"/pre-calculus-12-tutor-vancouver","seoPage","vancouver","pre-calculus","","268","512","0.183","/calculus-12-tutor-vancouver","keep"
"/calculus-12-tutor-vancouver","seoPage","vancouver","calculus","","240","484","0.183","/pre-calculus-12-tutor-vancouver","keep"
"/ib-math-tutor-vancouver","seoPage","vancouver","math","","263","512","0.181","/ib-math-hl-tutor-vancouver","keep"
"/ib-math-hl-tutor-vancouver","seoPage","vancouver","math","","253","502","0.181","/ib-math-tutor-vancouver","keep"
"/online-math-tutor-canada","seoPage","","math","","242","486","0.181","/online-chemistry-tutor-canada","keep"
"/biology-12-tutor-burnaby","seoPage","burnaby","biology","","241","485","0.177","/biology-11-tutor-burnaby","keep"
"/ap-calculus-exam-prep-vancouver","seoPage","vancouver","calculus","","241","485","0.175","/exam-prep-tutor-vancouver","keep"
"/summer-pre-calculus-course-burnaby","seoPage","burnaby","pre-calculus","","236","480","0.175","/workplace-math-tutor-burnaby","keep"
"/summer-tutoring-burnaby","seoPage","burnaby","","","222","466","0.172","/summer-pre-calculus-course-burnaby","keep"
"/test-prep-tutor-burnaby","seoPage","burnaby","","","242","486","0.169","/exam-prep-tutor-vancouver","keep"
"/summer-math-tutoring-burnaby","seoPage","burnaby","math","","259","503","0.167","/summer-tutoring-burnaby","keep"
"/calculus-12-tutor-burnaby","seoPage","burnaby","calculus","","239","483","0.166","/grade-12-math-tutor-burnaby","keep"
"/best-ib-math-tutor-burnaby","seoPage","burnaby","math","best","223","467","0.166","/ib-math-tutor-vancouver","merge -> /ib-math-tutor-burnaby"
"/online-high-school-math-tutor-bc","seoPage","","math","","218","467","0.165","/online-pre-calculus-tutor-canada","keep"
"/pre-calculus-11-tutor-burnaby","seoPage","burnaby","pre-calculus","","267","511","0.164","/calculus-12-tutor-burnaby","keep"
"/online-ib-math-tutor-canada","seoPage","","math","","226","470","0.164","/ib-math-tutor-vancouver","keep"
"/programs/chemistry","program","","chemistry","","1070","1104","0.162","/programs/university-chemistry","keep"
"/programs/university-chemistry","program","","chemistry","","751","774","0.162","/programs/chemistry","keep"
"/ib-math-tutor-burnaby","seoPage","burnaby","math","","257","506","0.161","/best-ib-math-tutor-burnaby","keep"
"/tutoring-burnaby","seoPage","burnaby","","","259","509","0.161","/tutoring-vancouver","keep"
"/tutoring-vancouver","seoPage","vancouver","","","242","486","0.161","/tutoring-burnaby","keep"
"/crash-course-pre-calculus-12","seoPage","","pre-calculus","","239","483","0.161","/test-prep-tutor-burnaby","keep"
"/math-word-problem-help","seoPage","","math","","233","477","0.144","/pre-calculus-word-problems-help","keep"
"/problem-solving-tutor-vancouver","seoPage","vancouver","","","255","499","0.144","/computer-science-tutor-vancouver","keep"
"/pre-calculus-word-problems-help","seoPage","","pre-calculus","","245","489","0.144","/math-word-problem-help","keep"
"/programs/physics","program","","physics","","1509","1538","0.144","/programs/university-physics","keep"
"/programs/university-physics","program","","physics","","888","911","0.144","/programs/physics","keep"
"/actuarial-science-tutor","vertical","","science","","282","486","0.143","/actuarial-exam-tutor-online","keep"
"/actuarial-exam-tutor-online","vertical","","","","287","491","0.143","/actuarial-science-tutor","keep"
"/math-anxiety-help-for-students","seoPage","","math","","266","510","0.142","/child-struggling-with-math-burnaby","keep"
"/child-struggling-with-math-burnaby","seoPage","burnaby","math","","284","528","0.142","/math-anxiety-help-for-students","keep"
"/private-math-tutor-burnaby","seoPage","burnaby","math","private","269","513","0.136","/science-tutor-burnaby","merge -> /math-tutor-burnaby"
"/physics-problem-solving-tutor","seoPage","","physics","","255","499","0.136","/math-word-problem-help","keep"
"/math-word-problems-tutor","seoPage","","math","","274","518","0.132","/pre-calculus-word-problems-help","keep"
"/math-tutor-near-me","seoPage","","math","near-me","282","532","0.131","/private-math-tutor-burnaby","merge -> /math-tutor-burnaby"
"/online-statistics-tutor","vertical","","statistics","","289","493","0.126","/r-programming-tutor","keep"
"/r-programming-tutor","vertical","","","","299","503","0.126","/online-statistics-tutor","keep"
"/","static","","","","990","1246","0.123","/math-tutor-port-moody","keep"
"/dr-shreyank-educare-reviews","seoPage","","","","301","545","0.117","/math-tutor-near-me","keep"
"/coding-tutor-burnaby","seoPage","burnaby","coding","","428","672","0.11","/python-tutor-burnaby","keep"
"/statistics-with-r-tutor","vertical","","statistics","","293","497","0.109","/online-statistics-tutor","keep"
"/pre-calculus-12-tutor-burnaby","seoPage","burnaby","pre-calculus","","472","716","0.107","/calculus-12-tutor-burnaby","keep"
"/online-physiology-tutor","vertical","","","","295","499","0.103","/online-pathology-tutor","keep"
"/online-pathology-tutor","vertical","","","","280","484","0.103","/online-physiology-tutor","keep"
"/biology-11-tutor-vancouver","seoPage","vancouver","biology","","425","669","0.102","/top-chemistry-tutor-vancouver","keep"
"/programs/university-biology","program","","biology","","866","889","0.101","/programs/chemistry","keep"
"/online-pharmacology-tutor","vertical","","","","273","477","0.097","/online-pathology-tutor","keep"
"/programs/javascript","program","","javascript","","559","582","0.097","/programs/web-development","keep"
"/programs/web-development","program","","","","567","590","0.097","/programs/javascript","keep"
"/physics-11-tutor-vancouver","seoPage","vancouver","physics","","469","713","0.096","/top-chemistry-tutor-vancouver","keep"
"/online-economics-tutor","vertical","","economics","","271","475","0.092","/online-statistics-tutor","keep"
"/chemistry-11-tutor-vancouver","seoPage","vancouver","chemistry","","445","689","0.092","/top-chemistry-tutor-vancouver","keep"
"/chemistry-12-tutor-vancouver","seoPage","vancouver","chemistry","","478","722","0.089","/top-chemistry-tutor-vancouver","keep"
"/programs/university-mathematics","program","","mathematics","","859","888","0.088","/programs/university-physics","keep"
"/biology-12-tutor-vancouver","seoPage","vancouver","biology","","503","747","0.087","/biology-12-tutor-burnaby","keep"
"/programs/python","program","","python","","568","591","0.087","/programs/javascript","keep"
"/physics-12-tutor-vancouver","seoPage","vancouver","physics","","494","743","0.084","/computer-science-tutor-vancouver","keep"
"/online-medical-tutoring","vertical","","","","631","835","0.083","/medical-sciences-tutor","keep"
"/university-professional","vertical","","","","416","620","0.083","/online-statistics-tutor","keep"
"/medical-sciences-tutor","vertical","","science","","306","510","0.083","/online-medical-tutoring","keep"
"/programs/mathematics","program","","mathematics","","1027","1050","0.083","/programs/python","keep"
"/programs/french","program","","french","","453","476","0.079","/programs/mandarin","keep"
"/programs/mandarin","program","","mandarin","","417","440","0.079","/programs/french","keep"
"/programs/biology","program","","biology","","718","747","0.075","/programs/university-biology","keep"
"/programs/gmat-prep","program","","gmat","","703","726","0.074","/programs/gre-prep","keep"
"/programs/gre-prep","program","","gre","","643","666","0.074","/programs/gmat-prep","keep"
"/programs/mcat-prep","program","","mcat","","404","427","0.069","/programs/gmat-prep","keep"
"/programs/sat-prep","program","","sat","","445","468","0.068","/programs/python","keep"
"/french-tutor-surrey","seoPage","surrey","french","","627","871","0.067","/biology-11-tutor-burnaby","keep"
"/french-classes-burnaby","seoPage","burnaby","french","","574","818","0.067","/biology-11-tutor-burnaby","keep"
"/medical-exam-prep-tutor-online","vertical","","","","323","527","0.065","/medical-sciences-tutor","keep"
"/french-tutor-vancouver","seoPage","vancouver","french","","624","868","0.062","/python-tutor-vancouver","keep"
"/french-immersion-tutor-surrey","seoPage","surrey","french","","733","977","0.06","/biology-11-tutor-burnaby","keep"
"/programs/burnaby-stem-tutoring","program","burnaby","stem","","559","582","0.06","/programs/vancouver-math-tutoring","keep"
"/programs/vancouver-math-tutoring","program","vancouver","math","","543","571","0.06","/programs/burnaby-stem-tutoring","keep"
"/programs/pre-calculus","program","","pre-calculus","","685","708","0.05","/programs/mandarin","keep"
"/my-child-is-failing-math-what-should-i-do","seoPage","","math","","1267","1511","0.048","/how-to-choose-a-math-tutor-in-burnaby","keep"
"/how-to-choose-a-math-tutor-in-burnaby","seoPage","burnaby","math","","1261","1505","0.048","/my-child-is-failing-math-what-should-i-do","keep"
"/french-classes-surrey","seoPage","surrey","french","","774","1018","0.048","/python-tutor-vancouver","keep"
"/programs/computer-science","program","","computer-science","","951","980","0.046","/programs/biology","keep"
"/programs/ib-ap-tutoring","program","","ib","","770","793","0.046","/programs/mcat-prep","keep"
"/blog/one-on-one-math-tutoring-burnaby-close-concept-gaps","blog","burnaby","math","one-on-one","2165","2233","0.037","/blog/after-school-math-tutor-burnaby-homework-done-right","keep"
"/blog/after-school-math-tutor-burnaby-homework-done-right","blog","burnaby","math","","2109","2177","0.037","/blog/one-on-one-math-tutoring-burnaby-close-concept-gaps","keep"
"/blog/tutoring-burnaby-phd-led-math-science","blog","burnaby","science","","1842","1910","0.035","/blog/tutoring-vancouver-phd-led-concept-gaps","keep"
"/blog/tutoring-vancouver-phd-led-concept-gaps","blog","vancouver","ap","","2036","2104","0.035","/blog/tutoring-burnaby-phd-led-math-science","keep"
"/blog/tutoring-burnaby-phd-led-guide-in-person-vs-online","blog","burnaby","","","2175","2243","0.034","/blog/tutoring-burnaby-phd-led-math-science","keep"
"/blog/tutoring-burnaby-metro-vancouver-guide","blog","burnaby","","","1940","2008","0.033","/blog/tutoring-burnaby-phd-led-guide-in-person-vs-online","keep"
"/blog/ib-ap-tutoring-ap-statistics","blog","","statistics","","1629","1705","0.032","/blog/university-mathematics-statistics-ubc-stat-200-203-241-251","keep"
"/blog/university-mathematics-statistics-ubc-stat-200-203-241-251","blog","","mathematics","","1571","1647","0.032","/blog/ib-ap-tutoring-ap-statistics","keep"
"/blog/mathematics-calculus-limits-derivatives","blog","","mathematics","","2090","2163","0.031","/blog/what-ubc-calculus-students-should-review-before-first-midterm","keep"
"/blog/academic-coaching-vancouver-habits-that-lift-grades","blog","vancouver","","","1891","1959","0.031","/blog/study-skills-coaching-how-to-actually-learn","keep"
"/blog/after-school-science-support-vancouver-burnaby","blog","burnaby","science","","2132","2200","0.031","/blog/one-on-one-math-tutoring-burnaby-close-concept-gaps","keep"
"/blog/study-skills-coaching-how-to-actually-learn","blog","","","","2104","2172","0.031","/blog/academic-coaching-vancouver-habits-that-lift-grades","keep"
"/blog/what-ubc-calculus-students-should-review-before-first-midterm","blog","","calculus","","1895","1969","0.031","/blog/mathematics-calculus-limits-derivatives","keep"
"/blog/chemistry-11-12-tutoring-burnaby-concept-gaps","blog","burnaby","chemistry","","1868","1936","0.03","/blog/tutoring-burnaby-phd-led-math-science","keep"
"/blog/gmat-prep-verbal-quantitative-focus","blog","","gmat","","1583","1659","0.03","/blog/gre-prep-quantitative-reasoning-shortcuts","keep"
"/blog/gre-prep-quantitative-reasoning-shortcuts","blog","","gre","","1619","1695","0.03","/blog/gmat-prep-verbal-quantitative-focus","keep"
"/blog/organic-chemistry-tutor-vancouver-mechanisms-made-clear","blog","vancouver","chemistry","","1992","2060","0.03","/blog/tutoring-vancouver-phd-led-concept-gaps","keep"
"/blog/page/5","blog","","","","382","382","0.03","/blog/page/6","keep"
"/blog/page/6","blog","","","","348","358","0.03","/blog/page/5","keep"
"/blog/ap-calculus-tutor-vancouver-ab-bc-exam-prep","blog","vancouver","calculus","","2003","2076","0.029","/blog/ib-chemistry-tutor-vancouver-hl-sl-help","keep"
"/blog/ib-chemistry-tutor-vancouver-hl-sl-help","blog","vancouver","chemistry","","1949","2017","0.029","/blog/ap-calculus-tutor-vancouver-ab-bc-exam-prep","keep"
"/blog/computer-science-tutor-in-vancouver-from-first-course-to-university-prep","blog","vancouver","computer-science","","2071","2145","0.028","/programs/computer-science","keep"
"/blog/french-conversational-french-pronunciation","blog","","french","","1643","1716","0.028","/blog/mandarin-conversational-mandarin-pronunciation","keep"
"/blog/mandarin-conversational-mandarin-pronunciation","blog","","mandarin","","1563","1639","0.028","/blog/french-conversational-french-pronunciation","keep"
"/blog/university-chemistry-langara-college-chemistry-chem-1114-1118-1120","blog","","chemistry","","1544","1620","0.028","/blog/university-physics-electromagnetism-thermodynamics","keep"
"/blog/university-physics-electromagnetism-thermodynamics","blog","","physics","","1542","1618","0.028","/blog/university-chemistry-langara-college-chemistry-chem-1114-1118-1120","keep"
"/blog/ib-ap-tutoring-ib-mathematics-analysis-approaches-sl-hl","blog","","mathematics","","1553","1629","0.027","/blog/ib-ap-tutoring-ib-mathematics-applications-interpretation","keep"
"/blog/ib-ap-tutoring-ib-mathematics-applications-interpretation","blog","","mathematics","","1748","1824","0.027","/blog/ib-ap-tutoring-ib-mathematics-analysis-approaches-sl-hl","keep"
"/blog/university-chemistry-chemical-kinetics-equilibrium","blog","","chemistry","","1639","1715","0.027","/blog/university-chemistry-ubc-chemistry-chem-111-121-123","keep"
"/blog/university-chemistry-ubc-chemistry-chem-111-121-123","blog","","chemistry","","1575","1651","0.027","/blog/university-chemistry-chemical-kinetics-equilibrium","keep"
"/blog/ib-math-tutor-burnaby-aa-ai-sl-hl","blog","burnaby","math","","2226","2294","0.025","/blog/ib-chemistry-tutor-vancouver-hl-sl-help","keep"
"/blog/biology-ecology-biotechnology","blog","","biology","","1627","1706","0.025","/blog/biology-genetics-evolution","keep"
"/blog/biology-cell-biology","blog","","biology","","1732","1811","0.025","/blog/biology-ecology-biotechnology","keep"
"/blog/biology-genetics-evolution","blog","","biology","","1678","1757","0.025","/blog/biology-ecology-biotechnology","keep"
"/blog/computer-science-computational-thinking","blog","","computer-science","","1686","1760","0.025","/blog/computer-science-logic-building","keep"
"/blog/computer-science-logic-building","blog","","computer-science","","1623","1697","0.025","/blog/computer-science-computational-thinking","keep"
"/blog/gmat-prep-ir-mini-mocks-strategies","blog","","gmat","","1614","1691","0.025","/blog/sat-prep-test-taking-hacks-strategies","keep"
"/blog/pre-calculus-trigonometric-identities-equations","blog","","pre-calculus","","2004","2077","0.025","/blog/mathematics-calculus-limits-derivatives","keep"
"/blog/sat-prep-evidence-based-reading-writing","blog","","sat","","1595","1669","0.025","/blog/sat-prep-test-taking-hacks-strategies","keep"
"/blog/sat-prep-test-taking-hacks-strategies","blog","","sat","","1722","1796","0.025","/blog/gmat-prep-ir-mini-mocks-strategies","keep"
"/blog/vancouver-math-tutoring-elementary-middle-school-math","blog","vancouver","math","","1635","1711","0.025","/blog/importance-of-high-school-mathematics","keep"
"/blog/adult-upgrading-advising-vancouver","blog","vancouver","","","2110","2178","0.025","/blog/academic-coaching-vancouver-habits-that-lift-grades","keep"
"/blog/importance-of-high-school-mathematics","blog","","mathematics","","1698","1774","0.025","/blog/vancouver-math-tutoring-elementary-middle-school-math","keep"
"/blog/chemistry-chemical-reactions-bonding","blog","","chemistry","","1541","1617","0.024","/blog/university-chemistry-ubc-chemistry-chem-111-121-123","keep"
"/blog/finance-financial-basics","blog","","finance","","1655","1729","0.024","/blog/finance-practical-application-of-finance","keep"
"/blog/finance-practical-application-of-finance","blog","","finance","","1627","1701","0.024","/blog/finance-financial-basics","keep"
"/blog/french-reading-writing-listening-practice","blog","","french","","1601","1677","0.024","/blog/mandarin-grammar-listening-cultural-understanding","keep"
"/blog/mandarin-grammar-listening-cultural-understanding","blog","","mandarin","","1558","1634","0.024","/blog/french-reading-writing-listening-practice","keep"
"/blog/physics-kinematics-dynamics","blog","","physics","","2344","2417","0.024","/blog/mathematics-calculus-limits-derivatives","keep"
"/blog/university-finance-bcom-mba-finance","blog","","finance","","1706","1780","0.024","/blog/university-finance-cfa-csc-ifc-certifications","keep"
"/blog/university-finance-cfa-csc-ifc-certifications","blog","","finance","","1827","1901","0.024","/blog/university-finance-bcom-mba-finance","keep"
"/blog/university-finance-msc-phd-finance-studies","blog","","finance","","1807","1881","0.024","/blog/university-finance-bcom-mba-finance","keep"
"/blog/chemistry-organic-chemistry","blog","","chemistry","","1611","1687","0.023","/blog/chemistry-chemical-reactions-bonding","keep"
"/blog/finance-business-concepts","blog","","finance","","1695","1769","0.023","/blog/finance-practical-application-of-finance","keep"
"/blog/university-biology-molecular-biology","blog","","biology","","1593","1669","0.023","/blog/university-chemistry-chemical-kinetics-equilibrium","keep"
"/blog/university-mathematics-statistics-langara-stat-1123-1124-1181","blog","","mathematics","","1620","1696","0.023","/blog/university-chemistry-langara-college-chemistry-chem-1114-1118-1120","keep"
"/blog/elementary-tutor-burnaby-k7-math-reading-foundations","blog","burnaby","math","","2105","2173","0.023","/blog/tutoring-burnaby-phd-led-math-science","keep"
"/blog/course-selection-guidance-bc-high-school-students","blog","","","","2510","2578","0.023","/blog/tutoring-vancouver-phd-led-concept-gaps","keep"
"/blog/biology-human-physiology","blog","","biology","","1671","1750","0.022","/blog/biology-molecular-biology","keep"
"/blog/biology-molecular-biology","blog","","biology","","1660","1739","0.022","/blog/biology-human-physiology","keep"
"/blog/gmat-prep-data-insights","blog","","gmat","","1554","1630","0.022","/blog/gre-prep-quantitative-reasoning-shortcuts","keep"
"/blog/ib-ap-tutoring-ap-chemistry-biology","blog","","chemistry","","1655","1731","0.022","/blog/ib-ap-tutoring-ap-physics-1-2-c","keep"
"/blog/ib-ap-tutoring-ap-physics-1-2-c","blog","","physics","","1585","1661","0.022","/blog/ib-ap-tutoring-ap-chemistry-biology","keep"
"/blog/pre-calculus-polynomial-rational-functions","blog","","pre-calculus","","1560","1636","0.022","/blog/university-mathematics-statistics-ubc-stat-200-203-241-251","keep"
"/blog/python-functions-logic-building","blog","","python","","1822","1896","0.022","/blog/python-variables-and-data-types","keep"
"/blog/python-loops-and-conditionals","blog","","python","","1753","1827","0.022","/blog/python-basic-syntax-and-structure","keep"
"/blog/python-variables-and-data-types","blog","","python","","1808","1882","0.022","/blog/python-basic-syntax-and-structure","keep"
"/blog/python-basic-syntax-and-structure","blog","","python","","1724","1798","0.022","/blog/python-variables-and-data-types","keep"
"/blog/academic-upgrading-burnaby-math-science-adults","blog","burnaby","science","","2035","2103","0.022","/blog/academic-coaching-vancouver-habits-that-lift-grades","keep"
"/blog/page/11","blog","","","","341","341","0.022","/blog/page/12","keep"
"/blog/page/12","blog","","","","330","330","0.022","/blog/page/11","keep"
"/blog/chemistry-stoichiometry-gas-laws","blog","","chemistry","","2059","2132","0.021","/blog/mathematics-calculus-limits-derivatives","keep"
"/blog/gre-prep-verbal-vocabulary-systems","blog","","stem","","1572","1648","0.021","/blog/gmat-prep-verbal-quantitative-focus","keep"
"/blog/ib-ap-tutoring-ap-calculus-ab-bc","blog","","calculus","","1559","1640","0.021","/blog/ib-ap-tutoring-ib-mathematics-analysis-approaches-sl-hl","keep"
"/blog/ib-ap-tutoring-ib-physics-chemistry-biology-sl-hl","blog","","chemistry","","1809","1885","0.021","/blog/ib-ap-tutoring-ap-chemistry-biology","keep"
"/blog/university-mathematics-linear-algebra-ubc-math-152","blog","","mathematics","","1815","1889","0.021","/blog/university-physics-ubc-physics-phys-100-101-107-108","keep"
"/blog/university-mathematics-linear-algebra-langara-math-2362","blog","","mathematics","","1800","1874","0.021","/blog/university-mathematics-linear-algebra-ubc-math-152","keep"
"/blog/vancouver-math-tutoring-calculus-linear-algebra","blog","vancouver","calculus","","1537","1613","0.021","/blog/university-physics-electromagnetism-thermodynamics","keep"
"/blog/university-physics-ubc-physics-phys-100-101-107-108","blog","","physics","","1715","1789","0.021","/blog/university-mathematics-linear-algebra-ubc-math-152","keep"
"/blog/exam-strategy-coaching-burnaby-metro-vancouver","blog","burnaby","","","2221","2289","0.021","/blog/tutoring-vancouver-phd-led-concept-gaps","keep"
"/blog/time-management-coaching-students-metro-vancouver","blog","vancouver","","","1909","1977","0.021","/blog/academic-coaching-vancouver-habits-that-lift-grades","keep"
"/blog/bc-provincial-exam-prep-numeracy-literacy-assessments","blog","","","","2387","2455","0.021","/blog/ap-calculus-tutor-vancouver-ab-bc-exam-prep","keep"
"/blog/chemistry-physical-chemistry","blog","","chemistry","","1587","1663","0.02","/blog/mathematics-trigonometry-coordinate-geometry","keep"
"/blog/mathematics-trigonometry-coordinate-geometry","blog","","mathematics","","1599","1675","0.02","/blog/chemistry-physical-chemistry","keep"
"/blog/mcat-prep-biology-biochemistry","blog","","chemistry","","1533","1609","0.02","/blog/university-biology-general-biology","keep"
"/blog/pre-calculus-exponential-logarithmic-functions","blog","","pre-calculus","","1994","2073","0.02","/blog/common-pre-calculus-12-mistakes-burnaby","keep"
"/blog/university-biology-general-biology","blog","","biology","","1626","1702","0.02","/blog/mcat-prep-biology-biochemistry","keep"
"/blog/university-physics-langara-college-physics-phys-1101-1114-1118","blog","","physics","","1862","1936","0.02","/blog/university-physics-ubc-physics-phys-100-101-107-108","keep"
"/blog/web-development-backend-development-node-js-express","blog","","","","1728","1804","0.02","/blog/computer-science-computational-thinking","keep"
"/blog/common-pre-calculus-12-mistakes-burnaby","blog","burnaby","pre-calculus","","1866","1945","0.02","/blog/pre-calculus-exponential-logarithmic-functions","keep"
"/blog/reading-comprehension-help-k7-metro-vancouver","blog","vancouver","","","2026","2094","0.02","/blog/tutoring-vancouver-phd-led-concept-gaps","keep"
"/blog/post-secondary-planning-metro-vancouver-students","blog","vancouver","","","2177","2245","0.02","/blog/ap-calculus-tutor-vancouver-ab-bc-exam-prep","keep"
"/blog/page/9","blog","","","","353","353","0.02","/blog/page/10","keep"
"/blog/page/10","blog","","","","347","347","0.02","/blog/page/9","keep"
"/contact","static","","","","299","391","0.019","/tutoring-vancouver","keep"
"/blog/mandarin-reading-writing-vocabulary-building","blog","","mandarin","","1540","1616","0.019","/blog/chemistry-physical-chemistry","keep"
"/blog/mcat-prep-cars-drills","blog","","mcat","","1647","1723","0.019","/blog/mcat-prep-biology-biochemistry","keep"
"/blog/mcat-prep-psychology-sociology","blog","","mcat","","1598","1674","0.019","/blog/mcat-prep-biology-biochemistry","keep"
"/blog/gre-prep-analytical-writing-assessment-awa-essays","blog","","gre","","1639","1715","0.018","/blog/ib-ap-tutoring-ap-chemistry-biology","keep"
"/blog/javascript-loops-and-conditionals","blog","","javascript","","1722","1796","0.018","/blog/python-loops-and-conditionals","keep"
"/blog/mathematics-algebra-functions","blog","","mathematics","","1574","1650","0.018","/blog/vancouver-math-tutoring-high-school-math-grades-8-12","keep"
"/blog/university-biology-anatomy-and-physiology","blog","","biology","","1617","1693","0.018","/blog/university-physics-electromagnetism-thermodynamics","keep"
"/blog/vancouver-math-tutoring-high-school-math-grades-8-12","blog","vancouver","math","","1562","1638","0.018","/blog/importance-of-high-school-mathematics","keep"
"/blog/page/7","blog","","","","315","315","0.018","/blog/page/6","keep"
"/blog/university-biology-tutor-vancouver","blog","vancouver","biology","","1326","1394","0.018","/blog/one-on-one-math-tutoring-burnaby-close-concept-gaps","keep"
"/blog/computer-science-programming-basics","blog","","computer-science","","1663","1739","0.017","/blog/sat-prep-evidence-based-reading-writing","keep"
"/blog/french-grammar-vocabulary-sentence-formation","blog","","french","","1568","1649","0.017","/blog/mandarin-grammar-listening-cultural-understanding","keep"
"/blog/physics-physics-the-underlying-math","blog","","physics","","1551","1627","0.017","/blog/mathematics-trigonometry-coordinate-geometry","keep"
"/blog/page/13","blog","","","","341","341","0.017","/blog/page/14","keep"
"/blog/page/14","blog","","","","328","328","0.017","/blog/page/13","keep"
"/locations","static","","","","431","535","0.016","/programs/vancouver-math-tutoring","keep"
"/services","static","","","","492","510","0.016","/programs/mcat-prep","keep"
"/blog/computer-science-data-structures-algorithms","blog","","computer-science","","1727","1803","0.016","/blog/computer-science-programming-basics","keep"
"/blog/javascript-variables-and-data-types","blog","","javascript","","1723","1797","0.016","/blog/python-variables-and-data-types","keep"
"/blog/web-development-api-development-integration","blog","","ap","","1624","1700","0.016","/blog/web-development-backend-development-node-js-express","keep"
"/blog/web-development-frontend-development-html-css-react","blog","","","","1624","1698","0.016","/blog/computer-science-programming-basics","keep"
"/resources","static","","","","318","336","0.015","/terms","keep"
"/terms","static","","","","440","440","0.015","/resources","keep"
"/blog/investment-theory-portfolio-management-explained-2026-burnaby-finance-tutor","blog","burnaby","finance","","2074","2147","0.015","/programs/finance","keep"
"/blog/javascript-functions-and-events","blog","","javascript","","1694","1770","0.015","/blog/javascript-dom-manipulation","keep"
"/blog/javascript-dom-manipulation","blog","","javascript","","1693","1767","0.015","/blog/javascript-functions-and-events","keep"
"/blog/concept-gap-or-practice-gap-parents-guide","blog","","ap","","1747","1821","0.015","/my-child-is-failing-math-what-should-i-do","keep"
"/pricing","static","","","","210","234","0.014","/math-anxiety-help-for-students","keep"
"/blog/mcat-prep-chemistry-physics","blog","","chemistry","","1751","1825","0.014","/blog/sat-prep-sat-mathematics","keep"
"/blog/sat-prep-sat-mathematics","blog","","mathematics","","1742","1816","0.014","/blog/mcat-prep-chemistry-physics","keep"
"/blog/web-development-database-management-mongodb-firebase","blog","","","","1729","1803","0.014","/blog/web-development-api-development-integration","keep"
"/blog/online-medical-tutoring-for-usa-and-caribbean-medical-students-the-complete-guide","blog","","ib","","1517","1596","0.014","/online-medical-tutoring","keep"
"/blog","blog","","","","554","592","0.013","/blog/page/2","keep"
"/blog/engineering-statics-first-year-engineering-students","blog","","","","1045","1113","0.013","/blog/university-physics-tutoring-in-vancouver-and-burnaby","keep"
"/blog/university-physics-tutoring-in-vancouver-and-burnaby","blog","burnaby","physics","","1579","1653","0.013","/blog/engineering-statics-first-year-engineering-students","keep"
"/blog/how-to-prepare-for-physics-12-british-columbia","blog","","physics","","1957","2036","0.013","/blog/step-by-step-guide-stoichiometry-grade-11-chemistry","keep"
"/blog/page/2","blog","","","","464","469","0.013","/blog","keep"
"/blog/step-by-step-guide-stoichiometry-grade-11-chemistry","blog","","chemistry","","2051","2130","0.013","/blog/how-to-prepare-for-physics-12-british-columbia","keep"
"/blog/grade-11-and-12-math-tutor-in-burnaby-boost-your-grades-fast","blog","burnaby","math","","987","1060","0.012","/blog","keep"
"/blog/page/8","blog","","","","355","355","0.012","/blog/page/13","keep"
"/privacy","static","","","","375","375","0.011","/terms","keep"
"/blog/page/3","blog","","","","436","436","0.01","/blog/engineering-statics-first-year-engineering-students","keep"
"/guides/how-to-choose-a-tutor-burnaby-vancouver","guide","burnaby","","","817","823","0.009","/math-tutor-burnaby","keep"
"/blog/how-much-does-math-tutoring-cost-burnaby","blog","burnaby","math","","1912","1986","0.009","/blog/grade-11-and-12-math-tutor-in-burnaby-boost-your-grades-fast","keep"
"/blog/page/4","blog","","","","438","438","0.009","/blog/vancouver-math-tutoring-high-school-math-grades-8-12","keep"
"/programs","program","","","","260","260","0.004","/computer-science-tutor-vancouver","keep"
"/about","static","","","","345","351","0.002","/blog/grade-11-and-12-math-tutor-in-burnaby-boost-your-grades-fast","keep"
