Query,Clicks,Impressions,CTR,Avg position,Search intent,Recommended landing page,Ranking opportunity,Recommended action,Priority
math tutor abbotsford,0,136,0%,58.06,Location (not served),"— (out of service area, do not target)",Low (long-term),Ignore / mark not-relevant,P4
math tutoring burnaby,0,73,0%,5.14,Subject tutoring,"/math-tutor-burnaby (primary) — consolidate /math-tutoring-burnaby, /best-math-tutor-burnaby","STRIKING DISTANCE (pos 4-10, high impressions)","PRIORITIZE: rewrite title+description, strengthen page & internal links",P1
chemistry tutor burnaby,0,65,0%,5.31,Subject tutoring,/programs/chemistry (+ city intent → burnaby),"STRIKING DISTANCE (pos 4-10, high impressions)","PRIORITIZE: rewrite title+description, strengthen page & internal links",P1
university physics tutor vancouver,0,64,0%,9.33,University / professional,/programs/university-physics,"STRIKING DISTANCE (pos 4-10, high impressions)","PRIORITIZE: rewrite title+description, strengthen page & internal links",P1
pre calculus 12 tutor burnaby,0,63,0%,4.79,Grade / course-specific,/pre-calculus-12-tutor-burnaby,"STRIKING DISTANCE (pos 4-10, high impressions)","PRIORITIZE: rewrite title+description, strengthen page & internal links",P1
computer science tutor,0,63,0%,20.52,Subject tutoring,/programs/computer-science,Low (long-term),Monitor; low priority,P2
physics tutor burnaby,0,60,0%,5.65,Subject tutoring,/programs/physics (city → burnaby),"STRIKING DISTANCE (pos 4-10, high impressions)","PRIORITIZE: rewrite title+description, strengthen page & internal links",P1
math tutor burnaby,0,59,0%,14.73,Subject tutoring,"/math-tutor-burnaby (primary) — consolidate /math-tutoring-burnaby, /best-math-tutor-burnaby",Page-2 (build authority),Add depth + internal links to lift to page 1,P2
coding tutor burnaby,0,58,0%,5.41,Subject tutoring,/coding-tutor-burnaby,"STRIKING DISTANCE (pos 4-10, high impressions)","PRIORITIZE: rewrite title+description, strengthen page & internal links",P1
dr shreyank educare,2,55,3.64%,2.69,Branded,/ (homepage) + /about,Converting (defend),Keep; protect ranking,P1
university biology tutor vancouver,0,53,0%,8.32,University / professional,/programs/university-biology,"STRIKING DISTANCE (pos 4-10, high impressions)","PRIORITIZE: rewrite title+description, strengthen page & internal links",P1
university physics tutor,0,48,0%,9.25,University / professional,/programs/university-physics,"STRIKING DISTANCE (pos 4-10, high impressions)","PRIORITIZE: rewrite title+description, strengthen page & internal links",P1
chemistry tutor vancouver,0,44,0%,17.55,Subject tutoring,/programs/chemistry (+ city intent → vancouver),Page-2 (build authority),Add depth + internal links to lift to page 1,P2
physics 11 tutor vancouver,0,39,0%,11.64,Grade / course-specific,/physics-11-tutor-vancouver,Page-2 (build authority),Add depth + internal links to lift to page 1,P2
tutoring burnaby,0,39,0%,35.56,Broad tutoring,/math-tutor-burnaby (city hub),Low (long-term),Monitor; low priority,P2
physical chemistry tutor,0,36,0%,9.17,Subject tutoring,/programs/chemistry,"STRIKING DISTANCE (pos 4-10, high impressions)","PRIORITIZE: rewrite title+description, strengthen page & internal links",P1
precalculus tutors near me,0,35,0%,11.89,Grade / course-specific,/programs/mathematics,Page-2 (build authority),Add depth + internal links to lift to page 1,P2
best math tutor burnaby,0,32,0%,8.84,Subject tutoring,"/math-tutor-burnaby (primary) — consolidate /math-tutoring-burnaby, /best-math-tutor-burnaby","STRIKING DISTANCE (pos 4-10, high impressions)","PRIORITIZE: rewrite title+description, strengthen page & internal links",P1
math tutoring in burnaby,0,30,0%,1.53,Subject tutoring,"/math-tutor-burnaby (primary) — consolidate /math-tutoring-burnaby, /best-math-tutor-burnaby",Top-3 no clicks (snippet/relevance),Rewrite snippet to earn the click,P1
coding tutoring,0,30,0%,7.27,Subject tutoring,/programs/computer-science,"STRIKING DISTANCE (pos 4-10, high impressions)","PRIORITIZE: rewrite title+description, strengthen page & internal links",P1
linear algebra tutor,0,29,0%,12.03,Subject tutoring,/programs/mathematics,Page-2 (build authority),Add depth + internal links to lift to page 1,P2
physics tutoring,0,28,0%,1.32,Subject tutoring,/programs/physics,Top-3 no clicks (snippet/relevance),Rewrite snippet to earn the click,P1
best math tutor in burnaby,0,28,0%,5.89,Subject tutoring,"/math-tutor-burnaby (primary) — consolidate /math-tutoring-burnaby, /best-math-tutor-burnaby","STRIKING DISTANCE (pos 4-10, high impressions)","PRIORITIZE: rewrite title+description, strengthen page & internal links",P1
best pre-calculus tutor burnaby,0,27,0%,7.81,Grade / course-specific,/pre-calculus-12-tutor-burnaby,"STRIKING DISTANCE (pos 4-10, high impressions)","PRIORITIZE: rewrite title+description, strengthen page & internal links",P1
dr shreyank gupta,2,26,7.69%,1.5,Branded,/ (homepage) + /about,Converting (defend),Keep; protect ranking,P1
grade 8 math tutor vancouver,0,26,0%,16.96,Grade / course-specific,/grade-8-math-tutor-vancouver,Page-2 (build authority),Add depth + internal links to lift to page 1,P2
ib math tutor burnaby,0,25,0%,8.32,Grade / course-specific,"/math-tutor-burnaby (primary) — consolidate /math-tutoring-burnaby, /best-math-tutor-burnaby","STRIKING DISTANCE (pos 4-10, high impressions)","PRIORITIZE: rewrite title+description, strengthen page & internal links",P1
ap chemistry tutor burnaby,0,25,0%,10.84,Grade / course-specific,/programs/chemistry (+ city intent → burnaby),Page-2 (build authority),Add depth + internal links to lift to page 1,P2
science tutor burnaby,0,25,0%,10.88,Subject tutoring,/programs,Page-2 (build authority),Add depth + internal links to lift to page 1,P2
chemistry tutoring vancouver,0,25,0%,15.48,Subject tutoring,/programs/chemistry (+ city intent → vancouver),Page-2 (build authority),Add depth + internal links to lift to page 1,P2
actuary tutors,0,25,0%,45.2,University / professional,/actuarial-science-tutor or /actuarial-exam-tutor-online,Low (long-term),Monitor; low priority,P2
dr shreyank educare reviews,0,24,0%,1.96,Branded,/ (homepage) + /about,Top-3 no clicks (snippet/relevance),Rewrite snippet to earn the click,P1
engineering math tutor,0,24,0%,2.58,Subject tutoring,/programs/mathematics,Top-3 no clicks (snippet/relevance),Rewrite snippet to earn the click,P1
best tutoring centre in burnaby,0,24,0%,3.54,Broad tutoring,/math-tutor-burnaby (city hub),"STRIKING DISTANCE (pos 4-10, high impressions)","PRIORITIZE: rewrite title+description, strengthen page & internal links",P1
one on one math tutor burnaby,0,24,0%,8.71,Subject tutoring,"/math-tutor-burnaby (primary) — consolidate /math-tutoring-burnaby, /best-math-tutor-burnaby","STRIKING DISTANCE (pos 4-10, high impressions)","PRIORITIZE: rewrite title+description, strengthen page & internal links",P1
math tutoring vancouver,0,24,0%,38.54,Subject tutoring,/math-tutor-vancouver / /vancouver-math-tutor (consolidate to one),Low (long-term),Monitor; low priority,P2
biology 11 tutor burnaby,0,23,0%,2.65,Grade / course-specific,/biology-11-tutor-burnaby,Top-3 no clicks (snippet/relevance),Rewrite snippet to earn the click,P1
ap physics tutor burnaby,0,23,0%,7.04,Grade / course-specific,/programs/physics (city → burnaby),"STRIKING DISTANCE (pos 4-10, high impressions)","PRIORITIZE: rewrite title+description, strengthen page & internal links",P1
grade 11 math tutor burnaby,0,23,0%,9.13,Grade / course-specific,/grade-11-math-tutor-burnaby,"STRIKING DISTANCE (pos 4-10, high impressions)","PRIORITIZE: rewrite title+description, strengthen page & internal links",P1
ap computer science tutor vancouver,0,22,0%,7.64,Grade / course-specific,/computer-science-tutor-vancouver,"STRIKING DISTANCE (pos 4-10, high impressions)","PRIORITIZE: rewrite title+description, strengthen page & internal links",P1
best tutor in burnaby,0,22,0%,13.91,Broad tutoring,/math-tutor-burnaby (city hub),Page-2 (build authority),Add depth + internal links to lift to page 1,P2
foundations of math 11 tutor burnaby,0,21,0%,4.62,Grade / course-specific,"/math-tutor-burnaby (primary) — consolidate /math-tutoring-burnaby, /best-math-tutor-burnaby","STRIKING DISTANCE (pos 4-10, high impressions)","PRIORITIZE: rewrite title+description, strengthen page & internal links",P1
biology tutor vancouver,0,21,0%,7.62,Subject tutoring,/programs/biology,"STRIKING DISTANCE (pos 4-10, high impressions)","PRIORITIZE: rewrite title+description, strengthen page & internal links",P1
computer science tutor vancouver,0,21,0%,8.62,Subject tutoring,/computer-science-tutor-vancouver,"STRIKING DISTANCE (pos 4-10, high impressions)","PRIORITIZE: rewrite title+description, strengthen page & internal links",P1
pre calculus math tutor,0,21,0%,16.76,Grade / course-specific,/programs/mathematics,Page-2 (build authority),Add depth + internal links to lift to page 1,P2
8th grade math tutors,0,21,0%,37.33,Grade / course-specific,/programs/mathematics,Low (long-term),Monitor; low priority,P2
chemistry 11 tutor burnaby,0,20,0%,7.8,Grade / course-specific,/chemistry-11-tutor-burnaby,"STRIKING DISTANCE (pos 4-10, high impressions)","PRIORITIZE: rewrite title+description, strengthen page & internal links",P1
math tutors near me,0,19,0%,1,Subject tutoring,/programs/mathematics,Top-3 no clicks (snippet/relevance),Rewrite snippet to earn the click,P1
best math tutor vancouver,0,19,0%,2.63,Subject tutoring,/math-tutor-vancouver / /vancouver-math-tutor (consolidate to one),Top-3 no clicks (snippet/relevance),Rewrite snippet to earn the click,P1
tutoring programs burnaby,0,19,0%,2.63,Broad tutoring,/math-tutor-burnaby (city hub),Top-3 no clicks (snippet/relevance),Rewrite snippet to earn the click,P1
python tutor burnaby,0,19,0%,3.95,Subject tutoring,/coding-tutor-burnaby,Striking distance (pos 4-10),Improve snippet + on-page relevance,P2
c programming tutor vancouver,0,19,0%,6.63,Subject tutoring,/computer-science-tutor-vancouver,Striking distance (pos 4-10),Improve snippet + on-page relevance,P2
chemistry 12 tutor burnaby,0,19,0%,7.47,Grade / course-specific,/chemistry-12-tutor-burnaby,Striking distance (pos 4-10),Improve snippet + on-page relevance,P2
best chemistry tutor burnaby,0,19,0%,10.53,Subject tutoring,/programs/chemistry (+ city intent → burnaby),Page-2 (build authority),Add depth + internal links to lift to page 1,P3
biology 12 tutor burnaby,0,18,0%,2.61,Grade / course-specific,/biology-12-tutor-burnaby,Top-3 no clicks (snippet/relevance),Rewrite snippet to earn the click,P1
private tutor burnaby,0,18,0%,3.83,Broad tutoring,/math-tutor-burnaby (city hub),Striking distance (pos 4-10),Improve snippet + on-page relevance,P2
experienced math tutor burnaby,0,18,0%,5,Subject tutoring,"/math-tutor-burnaby (primary) — consolidate /math-tutoring-burnaby, /best-math-tutor-burnaby",Striking distance (pos 4-10),Improve snippet + on-page relevance,P2
physics 11 tutor burnaby,0,18,0%,6.17,Grade / course-specific,/physics-11-tutor-burnaby,Striking distance (pos 4-10),Improve snippet + on-page relevance,P2
ap calculus tutor burnaby,0,18,0%,11.5,Grade / course-specific,"/math-tutor-burnaby (primary) — consolidate /math-tutoring-burnaby, /best-math-tutor-burnaby",Page-2 (build authority),Add depth + internal links to lift to page 1,P3
ap biology tutor vancouver,0,18,0%,13.78,Grade / course-specific,/programs/biology,Page-2 (build authority),Add depth + internal links to lift to page 1,P3
biology tutors near me,0,18,0%,16.56,Subject tutoring,/programs/biology,Page-2 (build authority),Add depth + internal links to lift to page 1,P3
computer science tutoring,0,18,0%,21.22,Subject tutoring,/programs/computer-science,Low (long-term),Monitor; low priority,P4
grade 12 math tutor burnaby,0,17,0%,4.76,Grade / course-specific,/grade-12-math-tutor-burnaby,Striking distance (pos 4-10),Improve snippet + on-page relevance,P2
python tutor vancouver,0,17,0%,4.94,Subject tutoring,/computer-science-tutor-vancouver,Striking distance (pos 4-10),Improve snippet + on-page relevance,P2
genetics tutor,0,17,0%,5.76,Subject tutoring,/programs,Striking distance (pos 4-10),Improve snippet + on-page relevance,P2
grade 9 math tutor burnaby,0,17,0%,8,Grade / course-specific,/grade-9-math-tutor-burnaby,Striking distance (pos 4-10),Improve snippet + on-page relevance,P2
investment management tutor,0,17,0%,8.35,University / professional,/programs/university-finance,Striking distance (pos 4-10),Improve snippet + on-page relevance,P2
academic tutoring burnaby,0,17,0%,11.94,Broad tutoring,/math-tutor-burnaby (city hub),Page-2 (build authority),Add depth + internal links to lift to page 1,P3
physics tutoring vancouver,0,17,0%,22.12,Subject tutoring,/programs/physics (city → vancouver),Low (long-term),Monitor; low priority,P4
experienced physics tutor burnaby,0,16,0%,3.75,Subject tutoring,/programs/physics (city → burnaby),Striking distance (pos 4-10),Improve snippet + on-page relevance,P2
pre calculus 11 tutor burnaby,0,16,0%,3.94,Grade / course-specific,/pre-calculus-11-tutor-burnaby,Striking distance (pos 4-10),Improve snippet + on-page relevance,P2
foundations of math 12 tutor burnaby,0,16,0%,4.88,Grade / course-specific,"/math-tutor-burnaby (primary) — consolidate /math-tutoring-burnaby, /best-math-tutor-burnaby",Striking distance (pos 4-10),Improve snippet + on-page relevance,P2
best sat prep,0,16,0%,11.5,Other,/programs,Page-2 (build authority),Add depth + internal links to lift to page 1,P3
summer tutoring,0,16,0%,51.75,Broad tutoring,/ (homepage) or /programs,Low (long-term),Monitor; low priority,P4
biology tutor burnaby,0,15,0%,2.4,Subject tutoring,/programs/biology,Top-3 no clicks (snippet/relevance),Rewrite snippet to earn the click,P1
best biology tutor burnaby,0,15,0%,3.4,Subject tutoring,/programs/biology,Striking distance (pos 4-10),Improve snippet + on-page relevance,P2
grade 10 math tutor burnaby,0,15,0%,3.53,Grade / course-specific,/grade-10-math-tutor-burnaby,Striking distance (pos 4-10),Improve snippet + on-page relevance,P2
high school tutoring burnaby,0,15,0%,4.4,Broad tutoring,/math-tutor-burnaby (city hub),Striking distance (pos 4-10),Improve snippet + on-page relevance,P2
ib math tutor vancouver,0,15,0%,15.33,Grade / course-specific,/math-tutor-vancouver / /vancouver-math-tutor (consolidate to one),Page-2 (build authority),Add depth + internal links to lift to page 1,P3
actuary tutor,0,15,0%,44.07,University / professional,/actuarial-science-tutor or /actuarial-exam-tutor-online,Low (long-term),Monitor; low priority,P4
tutoring near me,0,14,0%,1.14,Broad tutoring,/ (homepage) or /programs,Top-3 no clicks (snippet/relevance),Rewrite snippet to earn the click,P1
javascript tutor vancouver,0,14,0%,5.36,Subject tutoring,/computer-science-tutor-vancouver,Striking distance (pos 4-10),Improve snippet + on-page relevance,P2
bcom finance tutor vancouver,0,14,0%,6.86,University / professional,/programs/university-finance,Striking distance (pos 4-10),Improve snippet + on-page relevance,P2
engineering physics tutor,0,14,0%,10.36,Subject tutoring,/programs/physics,Page-2 (build authority),Add depth + internal links to lift to page 1,P3
one-on-one tutoring burnaby,0,14,0%,11.71,Broad tutoring,/math-tutor-burnaby (city hub),Page-2 (build authority),Add depth + internal links to lift to page 1,P3
high school computer science tutor,0,14,0%,13.14,Subject tutoring,/programs/computer-science,Page-2 (build authority),Add depth + internal links to lift to page 1,P3
organic chemistry tutor vancouver,0,14,0%,16.07,Subject tutoring,/programs/chemistry (+ city intent → vancouver),Page-2 (build authority),Add depth + internal links to lift to page 1,P3
online actuary tutor,0,14,0%,24,University / professional,/actuarial-science-tutor or /actuarial-exam-tutor-online,Low (long-term),Monitor; low priority,P4
tutors in burnaby,0,14,0%,38,Broad tutoring,/math-tutor-burnaby (city hub),Low (long-term),Monitor; low priority,P4
actuary tutoring,0,14,0%,38.07,University / professional,/actuarial-science-tutor or /actuarial-exam-tutor-online,Low (long-term),Monitor; low priority,P4
burnaby tutors,0,14,0%,46.29,Broad tutoring,/math-tutor-burnaby (city hub),Low (long-term),Monitor; low priority,P4
high school tutor burnaby,1,13,7.69%,15.15,Broad tutoring,/math-tutor-burnaby (city hub),Converting (defend),Keep; protect ranking,P1
high school tutors near me,0,13,0%,1,Broad tutoring,/ (homepage) or /programs,Top-3 no clicks (snippet/relevance),Rewrite snippet to earn the click,P1
physics 12 tutor burnaby,0,13,0%,4.38,Grade / course-specific,/physics-12-tutor-burnaby,Striking distance (pos 4-10),Improve snippet + on-page relevance,P2
medical sciences tutor caribbean,0,13,0%,8.23,Subject tutoring,/programs,Striking distance (pos 4-10),Improve snippet + on-page relevance,P2
private web development tutor vancouver,0,13,0%,8.54,Subject tutoring,/computer-science-tutor-vancouver,Striking distance (pos 4-10),Improve snippet + on-page relevance,P2
corporate finance tutor,0,13,0%,10.46,University / professional,/programs/university-finance,Page-2 (build authority),Add depth + internal links to lift to page 1,P3
grade 10 math tutor vancouver,0,13,0%,12.15,Grade / course-specific,/grade-10-math-tutor-vancouver,Page-2 (build authority),Add depth + internal links to lift to page 1,P3
university chemistry tutor vancouver,0,13,0%,13.54,University / professional,/programs/university-chemistry,Page-2 (build authority),Add depth + internal links to lift to page 1,P3
chemistry tutor langara,0,13,0%,13.92,University / professional,/programs/university-chemistry,Page-2 (build authority),Add depth + internal links to lift to page 1,P3
ap physics tutor vancouver,0,13,0%,15.62,Grade / course-specific,/programs/physics (city → vancouver),Page-2 (build authority),Add depth + internal links to lift to page 1,P3
biology tutoring,0,13,0%,16.23,Subject tutoring,/programs/biology,Page-2 (build authority),Add depth + internal links to lift to page 1,P3
elementary tutor near me,0,12,0%,1,Broad tutoring,/ (homepage) or /programs,Top-3 no clicks (snippet/relevance),Rewrite snippet to earn the click,P1
tutoring programs vancouver,0,12,0%,5.33,Broad tutoring,/math-tutor-vancouver (city hub),Striking distance (pos 4-10),Improve snippet + on-page relevance,P2
medical sciences tutor canada,0,12,0%,8.58,Subject tutoring,/programs,Striking distance (pos 4-10),Improve snippet + on-page relevance,P2
mba finance tutor vancouver,0,12,0%,10.08,University / professional,/programs/university-finance,Page-2 (build authority),Add depth + internal links to lift to page 1,P3
linear algebra tutor near me,0,12,0%,10.42,Subject tutoring,/programs/mathematics,Page-2 (build authority),Add depth + internal links to lift to page 1,P3
math help,0,12,0%,11.42,Subject tutoring,/programs/mathematics,Page-2 (build authority),Add depth + internal links to lift to page 1,P3
tutoring in burnaby,0,12,0%,12.17,Broad tutoring,/math-tutor-burnaby (city hub),Page-2 (build authority),Add depth + internal links to lift to page 1,P3
grade 10 math tutor near me,0,12,0%,12.75,Grade / course-specific,/programs/mathematics,Page-2 (build authority),Add depth + internal links to lift to page 1,P3
physics tutor vancouver,0,12,0%,20.08,Subject tutoring,/programs/physics (city → vancouver),Low (long-term),Monitor; low priority,P4
finance tutor vancouver,0,11,0%,7.91,Broad tutoring,/math-tutor-vancouver (city hub),Striking distance (pos 4-10),Improve snippet + on-page relevance,P2
computer programming tutor,0,11,0%,11.64,Subject tutoring,/programs/computer-science,Page-2 (build authority),Add depth + internal links to lift to page 1,P3
corporate finance tutor vancouver,0,11,0%,11.82,University / professional,/programs/university-finance,Page-2 (build authority),Add depth + internal links to lift to page 1,P3
econometrics tutoring online,0,11,0%,41.45,University / professional,/online-economics-tutor,Low (long-term),Monitor; low priority,P4
online econometrics tutoring,0,11,0%,46.18,University / professional,/online-economics-tutor,Low (long-term),Monitor; low priority,P4
shreyank,0,10,0%,8.2,Branded,/ (homepage) + /about,Striking distance (pos 4-10),Improve snippet + on-page relevance,P2
physics 12 tutor vancouver,0,10,0%,11.6,Grade / course-specific,/physics-12-tutor-vancouver,Page-2 (build authority),Add depth + internal links to lift to page 1,P3
ubc math 105 tutor,0,10,0%,15.3,University / professional,/programs/university-mathematics,Page-2 (build authority),Add depth + internal links to lift to page 1,P3
python tutor near me,0,10,0%,20.4,Subject tutoring,/programs/computer-science,Low (long-term),Monitor; low priority,P4
6th grade math tutors,0,10,0%,36.6,Grade / course-specific,/programs/mathematics,Low (long-term),Monitor; low priority,P4
academic support burnaby,0,10,0%,64.9,Other,/programs,Low (long-term),Monitor; low priority,P4
burnaby private tutoring,0,9,0%,2.56,Broad tutoring,/math-tutor-burnaby (city hub),Top-3 no clicks (snippet/relevance),Rewrite snippet to earn the click,P1
coding tutor for teens burnaby,0,9,0%,5.78,Subject tutoring,/coding-tutor-burnaby,Striking distance (pos 4-10),Improve snippet + on-page relevance,P2
financial management tutor vancouver,0,9,0%,8,University / professional,/university-professional,Striking distance (pos 4-10),Improve snippet + on-page relevance,P2
sat tutor vancouver,0,9,0%,9.78,Broad tutoring,/math-tutor-vancouver (city hub),Striking distance (pos 4-10),Improve snippet + on-page relevance,P2
gmat tutor vancouver,0,9,0%,14,University / professional,/programs/gmat-prep,Page-2 (build authority),Add depth + internal links to lift to page 1,P3
python tutoring,0,9,0%,18.44,Subject tutoring,/programs/computer-science,Page-2 (build authority),Add depth + internal links to lift to page 1,P3
biology tutors,0,9,0%,18.89,Subject tutoring,/programs/biology,Page-2 (build authority),Add depth + internal links to lift to page 1,P3
ap chemistry tutor vancouver,0,9,0%,19,Grade / course-specific,/programs/chemistry (+ city intent → vancouver),Page-2 (build authority),Add depth + internal links to lift to page 1,P3
ubc math tutor,0,9,0%,20.56,University / professional,/programs/university-mathematics,Low (long-term),Monitor; low priority,P4
tutor doctor burnaby,0,9,0%,21.67,Broad tutoring,/math-tutor-burnaby (city hub),Low (long-term),Monitor; low priority,P4
math tutor vancouver,0,9,0%,33.89,Subject tutoring,/math-tutor-vancouver / /vancouver-math-tutor (consolidate to one),Low (long-term),Monitor; low priority,P4
statistics tutor vancouver,0,9,0%,35.67,Subject tutoring,/programs,Low (long-term),Monitor; low priority,P4
private actuary tutors,0,9,0%,37,University / professional,/actuarial-science-tutor or /actuarial-exam-tutor-online,Low (long-term),Monitor; low priority,P4
online microeconomics tutor,0,9,0%,47.89,University / professional,/online-economics-tutor,Low (long-term),Monitor; low priority,P4
dr. shreyank educare,0,8,0%,1,Branded,/ (homepage) + /about,Top-3 no clicks (snippet/relevance),Rewrite snippet to earn the click,P1
computer science tutors near me,0,8,0%,12.12,Subject tutoring,/programs/computer-science,Page-2 (build authority),Add depth + internal links to lift to page 1,P3
university math tutor vancouver,0,8,0%,13.88,University / professional,/programs/university-mathematics,Page-2 (build authority),Add depth + internal links to lift to page 1,P3
ib physics tutor vancouver,0,8,0%,14.38,Grade / course-specific,/programs/physics (city → vancouver),Page-2 (build authority),Add depth + internal links to lift to page 1,P3
finance tutors,0,8,0%,19.62,Broad tutoring,/ (homepage) or /programs,Page-2 (build authority),Add depth + internal links to lift to page 1,P3
r programming online tutor,0,8,0%,30.38,Subject tutoring,/programs/computer-science,Low (long-term),Monitor; low priority,P4
dr singh tutor,0,8,0%,31.25,Branded,/ (homepage) + /about,Low (long-term),Monitor; low priority,P4
trigonometry tutor,0,8,0%,33.75,Subject tutoring,/programs/mathematics,Low (long-term),Monitor; low priority,P4
javascript tutor burnaby,0,7,0%,2.86,Subject tutoring,/coding-tutor-burnaby,Top-3 no clicks (snippet/relevance),Rewrite snippet to earn the click,P1
actuarial science tutor canada,0,7,0%,6.43,University / professional,/actuarial-science-tutor or /actuarial-exam-tutor-online,Striking distance (pos 4-10),Improve snippet + on-page relevance,P2
computer science tutor near me,0,7,0%,10.43,Subject tutoring,/programs/computer-science,Page-2 (build authority),Add depth + internal links to lift to page 1,P3
best math help,0,7,0%,11.43,Subject tutoring,/programs/mathematics,Page-2 (build authority),Add depth + internal links to lift to page 1,P3
actuarial science tutor uk,0,7,0%,13.29,University / professional,/actuarial-science-tutor or /actuarial-exam-tutor-online,Page-2 (build authority),Add depth + internal links to lift to page 1,P3
biology tutor,0,7,0%,17.71,Subject tutoring,/programs/biology,Page-2 (build authority),Add depth + internal links to lift to page 1,P3
calculus tutor vancouver,0,7,0%,23.86,Subject tutoring,/math-tutor-vancouver / /vancouver-math-tutor (consolidate to one),Low (long-term),Monitor; low priority,P4
online calculus tutors vancouver,0,7,0%,25.43,Subject tutoring,/math-tutor-vancouver / /vancouver-math-tutor (consolidate to one),Low (long-term),Monitor; low priority,P4
calculus tutors vancouver,0,7,0%,28.86,Subject tutoring,/math-tutor-vancouver / /vancouver-math-tutor (consolidate to one),Low (long-term),Monitor; low priority,P4
actuary tutor near me,0,7,0%,41.71,University / professional,/actuarial-science-tutor or /actuarial-exam-tutor-online,Low (long-term),Monitor; low priority,P4
econometrics tutor online,0,7,0%,46,University / professional,/online-economics-tutor,Low (long-term),Monitor; low priority,P4
ap calculus tutors near me,1,6,16.67%,13.33,Grade / course-specific,/programs/mathematics,Converting (defend),Keep; protect ranking,P1
dr.shreyank educare,0,6,0%,1,Branded,/ (homepage) + /about,Top-3 no clicks (snippet/relevance),Rewrite snippet to earn the click,P1
coding tutoring burnaby,0,6,0%,3.33,Subject tutoring,/coding-tutor-burnaby,Striking distance (pos 4-10),Improve snippet + on-page relevance,P2
investment management tutor vancouver,0,6,0%,6.5,University / professional,/programs/university-finance,Striking distance (pos 4-10),Improve snippet + on-page relevance,P2
university finance tutoring vancouver,0,6,0%,6.83,University / professional,/programs/university-finance,Striking distance (pos 4-10),Improve snippet + on-page relevance,P2
cell biology tutor,0,6,0%,8.17,Subject tutoring,/programs/biology,Striking distance (pos 4-10),Improve snippet + on-page relevance,P2
ib chemistry tutor vancouver,0,6,0%,8.67,Grade / course-specific,/programs/chemistry (+ city intent → vancouver),Striking distance (pos 4-10),Improve snippet + on-page relevance,P2
health sciences tutor canada,0,6,0%,9.67,Subject tutoring,/programs,Striking distance (pos 4-10),Improve snippet + on-page relevance,P2
online actuarial exam tutor,0,6,0%,11.5,University / professional,/actuarial-science-tutor or /actuarial-exam-tutor-online,Page-2 (build authority),Add depth + internal links to lift to page 1,P3
cs tutoring,0,6,0%,12.83,Subject tutoring,/programs/computer-science,Page-2 (build authority),Add depth + internal links to lift to page 1,P3
ib math tutors near me,0,6,0%,14,Grade / course-specific,/programs/mathematics,Page-2 (build authority),Add depth + internal links to lift to page 1,P3
computer tutoring rates,0,6,0%,16.17,Informational (pricing/jobs),/pricing,Page-2 (build authority),Ensure /pricing answers this,P3
machine learning tutor,0,6,0%,16.33,Subject tutoring,/programs,Page-2 (build authority),Add depth + internal links to lift to page 1,P3
chemistry 12 tutor vancouver,0,6,0%,16.67,Grade / course-specific,/chemistry-12-tutor-vancouver,Page-2 (build authority),Add depth + internal links to lift to page 1,P3
french classes surrey,0,6,0%,17.17,Other,/programs,Page-2 (build authority),Add depth + internal links to lift to page 1,P3
comp sci tutors,0,6,0%,18.5,Subject tutoring,/programs/computer-science,Page-2 (build authority),Add depth + internal links to lift to page 1,P3
tutoring,0,6,0%,18.5,Broad tutoring,/ (homepage) or /programs,Page-2 (build authority),Add depth + internal links to lift to page 1,P3
data science tutor near me,0,6,0%,19.5,Subject tutoring,/programs,Page-2 (build authority),Add depth + internal links to lift to page 1,P3
calculus 1 tutor vancouver,0,6,0%,21.5,Grade / course-specific,/math-tutor-vancouver / /vancouver-math-tutor (consolidate to one),Low (long-term),Monitor; low priority,P4
precalculus tutor near me,0,6,0%,23.83,Grade / course-specific,/programs/mathematics,Low (long-term),Monitor; low priority,P4
computer science tutors,0,6,0%,25,Subject tutoring,/programs/computer-science,Low (long-term),Monitor; low priority,P4
college biology tutor,0,6,0%,27.33,University / professional,/programs/university-biology,Low (long-term),Monitor; low priority,P4
university chemistry tutoring,0,6,0%,30,University / professional,/programs/university-chemistry,Low (long-term),Monitor; low priority,P4
best tutoring centers for adhd,0,5,0%,1,Irrelevant / low-value,— (not a service we offer),Top-3 no clicks (snippet/relevance),Ignore / mark not-relevant,P4
tutor,0,5,0%,5.2,Broad tutoring,/ (homepage) or /programs,Striking distance (pos 4-10),Improve snippet + on-page relevance,P2
best math tutoring in burnaby,0,5,0%,6.8,Subject tutoring,"/math-tutor-burnaby (primary) — consolidate /math-tutoring-burnaby, /best-math-tutor-burnaby",Striking distance (pos 4-10),Improve snippet + on-page relevance,P2
finance exam preparation tutor vancouver,0,5,0%,6.8,Grade / course-specific,/programs,Striking distance (pos 4-10),Improve snippet + on-page relevance,P2
math tutors burnaby,0,5,0%,8.4,Subject tutoring,"/math-tutor-burnaby (primary) — consolidate /math-tutoring-burnaby, /best-math-tutor-burnaby",Striking distance (pos 4-10),Improve snippet + on-page relevance,P2
cfa tutor vancouver,0,5,0%,10.4,University / professional,/programs/university-finance,Page-2 (build authority),Add depth + internal links to lift to page 1,P3
computer science tutoring near me,0,5,0%,10.6,Subject tutoring,/programs/computer-science,Page-2 (build authority),Add depth + internal links to lift to page 1,P3
stem tutor vancouver,0,5,0%,11.2,Subject tutoring,/programs,Page-2 (build authority),Add depth + internal links to lift to page 1,P3
actuarial science tutor usa,0,5,0%,11.4,University / professional,/actuarial-science-tutor or /actuarial-exam-tutor-online,Page-2 (build authority),Add depth + internal links to lift to page 1,P3
cs tutor,0,5,0%,12,Subject tutoring,/programs/computer-science,Page-2 (build authority),Add depth + internal links to lift to page 1,P3
grade 12 math tutor,0,5,0%,13.2,Grade / course-specific,/programs/mathematics,Page-2 (build authority),Add depth + internal links to lift to page 1,P3
biology tutors for college students,0,5,0%,16.8,University / professional,/programs/university-biology,Page-2 (build authority),Add depth + internal links to lift to page 1,P3
chemistry 11 tutor vancouver,0,5,0%,21.4,Grade / course-specific,/chemistry-11-tutor-vancouver,Low (long-term),Monitor; low priority,P4
precalculus tutoring,0,5,0%,22.6,Grade / course-specific,/programs/mathematics,Low (long-term),Monitor; low priority,P4
ap calculus tutor vancouver,0,5,0%,23.2,Grade / course-specific,/math-tutor-vancouver / /vancouver-math-tutor (consolidate to one),Low (long-term),Monitor; low priority,P4
college chemistry tutor,0,5,0%,24,University / professional,/programs/university-chemistry,Low (long-term),Monitor; low priority,P4
math 100,0,5,0%,26,University / professional,/programs/university-mathematics,Low (long-term),Monitor; low priority,P4
precalculus tutors,0,5,0%,26.4,Grade / course-specific,/programs/mathematics,Low (long-term),Monitor; low priority,P4
online r tutor,0,5,0%,26.6,Broad tutoring,/ (homepage) or /programs,Low (long-term),Monitor; low priority,P4
calculus tutor,0,5,0%,29.2,Subject tutoring,/programs/mathematics,Low (long-term),Monitor; low priority,P4
calculus tutoring,0,5,0%,30.2,Subject tutoring,/programs/mathematics,Low (long-term),Monitor; low priority,P4
python tutors near me,0,5,0%,30.4,Subject tutoring,/programs/computer-science,Low (long-term),Monitor; low priority,P4
pathophysiology tutor,0,5,0%,34.8,Broad tutoring,/ (homepage) or /programs,Low (long-term),Monitor; low priority,P4
tutoring places near me,1,4,25%,1,Broad tutoring,/ (homepage) or /programs,Converting (defend),Keep; protect ranking,P1
math tutor,0,4,0%,1,Subject tutoring,/programs/mathematics,Top-3 no clicks (snippet/relevance),Rewrite snippet to earn the click,P1
web development tutor burnaby,0,4,0%,4,Subject tutoring,/coding-tutor-burnaby,Striking distance (pos 4-10),Improve snippet + on-page relevance,P2
university finance tutor vancouver,0,4,0%,5,University / professional,/programs/university-finance,Striking distance (pos 4-10),Improve snippet + on-page relevance,P2
ap tutoring near me,0,4,0%,13.75,Grade / course-specific,/programs,Page-2 (build authority),Add depth + internal links to lift to page 1,P3
math 104 ubc,0,4,0%,14.75,University / professional,/programs/university-mathematics,Page-2 (build authority),Add depth + internal links to lift to page 1,P3
science tutor,0,4,0%,16.75,Subject tutoring,/programs,Page-2 (build authority),Add depth + internal links to lift to page 1,P3
physics tutor ubc,0,4,0%,19.25,University / professional,/programs/university-physics,Page-2 (build authority),Add depth + internal links to lift to page 1,P3
ap chemistry tutors near me,0,4,0%,19.5,Grade / course-specific,/programs/chemistry,Page-2 (build authority),Add depth + internal links to lift to page 1,P3
chemistry tutors for college,0,4,0%,21.5,University / professional,/programs/university-chemistry,Low (long-term),Monitor; low priority,P4
college chemistry tutors,0,4,0%,22,University / professional,/programs/university-chemistry,Low (long-term),Monitor; low priority,P4
physiology tutor,0,4,0%,22.25,Broad tutoring,/ (homepage) or /programs,Low (long-term),Monitor; low priority,P4
algebra tutor,0,4,0%,23.5,Subject tutoring,/programs/mathematics,Low (long-term),Monitor; low priority,P4
ap chemistry tutoring near me,0,4,0%,24.75,Grade / course-specific,/programs/chemistry,Low (long-term),Monitor; low priority,P4
data science tutor,0,4,0%,27.75,Subject tutoring,/programs,Low (long-term),Monitor; low priority,P4
calculus 2 tutor online,0,4,0%,28.75,Grade / course-specific,/programs/mathematics,Low (long-term),Monitor; low priority,P4
10 grade math tutor,0,4,0%,29.25,Subject tutoring,/programs/mathematics,Low (long-term),Monitor; low priority,P4
calculus ab tutor near me,0,4,0%,29.75,Subject tutoring,/programs/mathematics,Low (long-term),Monitor; low priority,P4
organic chemistry tutoring,0,4,0%,33,Subject tutoring,/programs/chemistry,Low (long-term),Monitor; low priority,P4
repeat grade 12 physics,0,4,0%,33.75,Grade / course-specific,/programs/physics,Low (long-term),Monitor; low priority,P4
ib mock exam tutor,0,4,0%,43.75,Grade / course-specific,/programs,Low (long-term),Monitor; low priority,P4
science tutoring,0,4,0%,44.5,Subject tutoring,/programs,Low (long-term),Monitor; low priority,P4
singapore math tutor near me,0,4,0%,50.25,Irrelevant / low-value,— (not a service we offer),Low (long-term),Ignore / mark not-relevant,P4
after school math classes,0,4,0%,55.5,Subject tutoring,/programs/mathematics,Low (long-term),Monitor; low priority,P4
private tutor,0,3,0%,1,Broad tutoring,/ (homepage) or /programs,Top-3 no clicks (snippet/relevance),Rewrite snippet to earn the click,P1
math tutor rate,0,3,0%,4,Informational (pricing/jobs),/pricing,Striking distance (pos 4-10),Ensure /pricing answers this,P2
maths classes near me,0,3,0%,4.33,Subject tutoring,/programs/mathematics,Striking distance (pos 4-10),Improve snippet + on-page relevance,P2
data science tutors,0,3,0%,6,Subject tutoring,/programs,Striking distance (pos 4-10),Improve snippet + on-page relevance,P2
java tutors near me,0,3,0%,6,Subject tutoring,/programs/computer-science,Striking distance (pos 4-10),Improve snippet + on-page relevance,P2
html css javascript tutor vancouver,0,3,0%,7,Subject tutoring,/computer-science-tutor-vancouver,Striking distance (pos 4-10),Improve snippet + on-page relevance,P2
tutor burnaby,0,3,0%,13.33,Broad tutoring,/math-tutor-burnaby (city hub),Page-2 (build authority),Add depth + internal links to lift to page 1,P3
healthcare sciences tutor canada,0,3,0%,14,Subject tutoring,/programs,Page-2 (build authority),Add depth + internal links to lift to page 1,P3
high school biology tutor,0,3,0%,14,Subject tutoring,/programs/biology,Page-2 (build authority),Add depth + internal links to lift to page 1,P3
ib biology tutor vancouver,0,3,0%,14.33,Grade / course-specific,/programs/biology,Page-2 (build authority),Add depth + internal links to lift to page 1,P3
gmat prep vancouver,0,3,0%,14.67,University / professional,/programs/gmat-prep,Page-2 (build authority),Add depth + internal links to lift to page 1,P3
math tutoring near me,0,3,0%,14.67,Subject tutoring,/programs/mathematics,Page-2 (build authority),Add depth + internal links to lift to page 1,P3
biology tutor near me,0,3,0%,15.67,Subject tutoring,/programs/biology,Page-2 (build authority),Add depth + internal links to lift to page 1,P3
newtons tutoring,0,3,0%,16,Broad tutoring,/ (homepage) or /programs,Page-2 (build authority),Add depth + internal links to lift to page 1,P3
grade 12 math tutor vancouver,0,3,0%,16.33,Grade / course-specific,/grade-12-math-tutor-vancouver,Page-2 (build authority),Add depth + internal links to lift to page 1,P3
burnaby tutoring,0,3,0%,17.67,Broad tutoring,/math-tutor-burnaby (city hub),Page-2 (build authority),Add depth + internal links to lift to page 1,P3
ubc math 104,0,3,0%,18,University / professional,/programs/university-mathematics,Page-2 (build authority),Add depth + internal links to lift to page 1,P3
computer programming tutors near me,0,3,0%,23,Subject tutoring,/programs/computer-science,Low (long-term),Monitor; low priority,P4
gre coaching canada,0,3,0%,23,University / professional,/programs/gre-prep,Low (long-term),Monitor; low priority,P4
algebra tutors,0,3,0%,23.67,Subject tutoring,/programs/mathematics,Low (long-term),Monitor; low priority,P4
pre calc tutoring,0,3,0%,23.67,Grade / course-specific,/programs/mathematics,Low (long-term),Monitor; low priority,P4
biomedical engineering tutor,0,3,0%,26,Broad tutoring,/ (homepage) or /programs,Low (long-term),Monitor; low priority,P4
institute of actuaries tutors,0,3,0%,33,University / professional,/actuarial-science-tutor or /actuarial-exam-tutor-online,Low (long-term),Monitor; low priority,P4
online pharmacology tutor,0,3,0%,33.33,Broad tutoring,/ (homepage) or /programs,Low (long-term),Monitor; low priority,P4
math 100 syllabus,0,3,0%,34,University / professional,/programs/university-mathematics,Low (long-term),Monitor; low priority,P4
ib math tutor,0,3,0%,39.33,Grade / course-specific,/programs/mathematics,Low (long-term),Monitor; low priority,P4
online pharmacology tutors,0,3,0%,39.33,Broad tutoring,/ (homepage) or /programs,Low (long-term),Monitor; low priority,P4
top-rated calculus tutors richmond,0,3,0%,41,Subject tutoring,/math-tutor-richmond,Low (long-term),Monitor; low priority,P4
calculus 2 tutoring,0,3,0%,42.67,Grade / course-specific,/programs/mathematics,Low (long-term),Monitor; low priority,P4
econometrics tutors online,0,3,0%,48.33,University / professional,/online-economics-tutor,Low (long-term),Monitor; low priority,P4
online macroeconomics tutor,0,3,0%,57.33,University / professional,/online-economics-tutor,Low (long-term),Monitor; low priority,P4
tutor for computer science,1,2,50%,19,Subject tutoring,/programs/computer-science,Converting (defend),Keep; protect ranking,P1
orton gillingham tutors near me,0,2,0%,1,Irrelevant / low-value,— (not a service we offer),Top-3 no clicks (snippet/relevance),Ignore / mark not-relevant,P4
online medical sciences tutor usa,0,2,0%,1.5,Subject tutoring,/programs,Top-3 no clicks (snippet/relevance),Rewrite snippet to earn the click,P1
math and science,0,2,0%,2,Subject tutoring,/programs/mathematics,Top-3 no clicks (snippet/relevance),Rewrite snippet to earn the click,P1
math and science tutor,0,2,0%,3.5,Subject tutoring,/programs/mathematics,Striking distance (pos 4-10),Improve snippet + on-page relevance,P2
online health sciences tutor,0,2,0%,3.5,Subject tutoring,/programs,Striking distance (pos 4-10),Improve snippet + on-page relevance,P2
tutoring jobs burnaby,0,2,0%,4.5,Informational (pricing/jobs),"— (recruiting, not target)",Striking distance (pos 4-10),Ignore (recruiting query),P2
physics tutor grade 12,0,2,0%,5,Grade / course-specific,/programs/physics,Striking distance (pos 4-10),Improve snippet + on-page relevance,P2
chemistry 12 review,0,2,0%,5.5,Grade / course-specific,/programs/chemistry,Striking distance (pos 4-10),Improve snippet + on-page relevance,P2
programming tutor,0,2,0%,6,Subject tutoring,/programs/computer-science,Striking distance (pos 4-10),Improve snippet + on-page relevance,P2
sat prep,0,2,0%,7,Other,/programs,Striking distance (pos 4-10),Improve snippet + on-page relevance,P2
calculus tutors near me,0,2,0%,8,Subject tutoring,/programs/mathematics,Striking distance (pos 4-10),Improve snippet + on-page relevance,P2
grade 10 tutor,0,2,0%,8,Grade / course-specific,/programs,Striking distance (pos 4-10),Improve snippet + on-page relevance,P2
math learning,0,2,0%,8,Subject tutoring,/programs/mathematics,Striking distance (pos 4-10),Improve snippet + on-page relevance,P2
chem 111 ubc,0,2,0%,9,University / professional,/university-professional,Striking distance (pos 4-10),Improve snippet + on-page relevance,P2
ap biology tutoring near me,0,2,0%,11,Grade / course-specific,/programs/biology,Page-2 (build authority),Add depth + internal links to lift to page 1,P3
ib math tutor near me,0,2,0%,11,Grade / course-specific,/programs/mathematics,Page-2 (build authority),Add depth + internal links to lift to page 1,P3
ib math tutors,0,2,0%,11.5,Grade / course-specific,/programs/mathematics,Page-2 (build authority),Add depth + internal links to lift to page 1,P3
precalc tutor,0,2,0%,11.5,Grade / course-specific,/programs/mathematics,Page-2 (build authority),Add depth + internal links to lift to page 1,P3
math courses,0,2,0%,12,Subject tutoring,/programs/mathematics,Page-2 (build authority),Add depth + internal links to lift to page 1,P3
summer math tutoring,0,2,0%,12.5,Subject tutoring,/programs/mathematics,Page-2 (build authority),Add depth + internal links to lift to page 1,P3
computer coding tutor,0,2,0%,13.5,Subject tutoring,/programs/computer-science,Page-2 (build authority),Add depth + internal links to lift to page 1,P3
engineering statics tutor,0,2,0%,13.5,Broad tutoring,/ (homepage) or /programs,Page-2 (build authority),Add depth + internal links to lift to page 1,P3
organic chemistry tutors near me,0,2,0%,13.5,Subject tutoring,/programs/chemistry,Page-2 (build authority),Add depth + internal links to lift to page 1,P3
cfa level 1 tutor vancouver,0,2,0%,15,University / professional,/programs/university-finance,Page-2 (build authority),Add depth + internal links to lift to page 1,P3
financial accounting tutor vancouver,0,2,0%,15.5,University / professional,/university-professional,Page-2 (build authority),Add depth + internal links to lift to page 1,P3
burnaby in home tutoring services,0,2,0%,16,Broad tutoring,/math-tutor-burnaby (city hub),Page-2 (build authority),Add depth + internal links to lift to page 1,P3
need a really smart tutor for high school advanced classes,0,2,0%,16,Broad tutoring,/ (homepage) or /programs,Page-2 (build authority),Add depth + internal links to lift to page 1,P3
ubc math 100 textbook,0,2,0%,17,University / professional,/programs/university-mathematics,Page-2 (build authority),Add depth + internal links to lift to page 1,P3
tutoring rates,0,2,0%,17.5,Informational (pricing/jobs),/pricing,Page-2 (build authority),Ensure /pricing answers this,P3
math 405 ubc,0,2,0%,18.5,University / professional,/programs/university-mathematics,Page-2 (build authority),Add depth + internal links to lift to page 1,P3
best gmat tutor vancouver,0,2,0%,19,University / professional,/programs/gmat-prep,Page-2 (build authority),Add depth + internal links to lift to page 1,P3
year 10 maths tutor,0,2,0%,19.5,Subject tutoring,/programs/mathematics,Page-2 (build authority),Add depth + internal links to lift to page 1,P3
financial accounting tutoring,0,2,0%,21,University / professional,/university-professional,Low (long-term),Monitor; low priority,P4
online tutoring for dyslexia,0,2,0%,21,Irrelevant / low-value,— (not a service we offer),Low (long-term),Ignore / mark not-relevant,P4
math 102 ubc,0,2,0%,22,University / professional,/programs/university-mathematics,Low (long-term),Monitor; low priority,P4
math 215 ubc,0,2,0%,24,University / professional,/programs/university-mathematics,Low (long-term),Monitor; low priority,P4
tutoring pricing,0,2,0%,26.5,Informational (pricing/jobs),/pricing,Low (long-term),Ensure /pricing answers this,P4
pharmacology tutor online,0,2,0%,27,Broad tutoring,/ (homepage) or /programs,Low (long-term),Monitor; low priority,P4
programming tutor near me,0,2,0%,27,Subject tutoring,/programs/computer-science,Low (long-term),Monitor; low priority,P4
linear algebra tutors,0,2,0%,28.5,Subject tutoring,/programs/mathematics,Low (long-term),Monitor; low priority,P4
r programming tutor,0,2,0%,29,Subject tutoring,/programs/computer-science,Low (long-term),Monitor; low priority,P4
microbiology tutor,0,2,0%,29.5,Subject tutoring,/programs/biology,Low (long-term),Monitor; low priority,P4
gmat tutors near,0,2,0%,30.5,University / professional,/programs/gmat-prep,Low (long-term),Monitor; low priority,P4
tutor rates,0,2,0%,30.5,Informational (pricing/jobs),/pricing,Low (long-term),Ensure /pricing answers this,P4
science tutor near me,0,2,0%,31,Subject tutoring,/programs,Low (long-term),Monitor; low priority,P4
gmat tutor near,0,2,0%,32.5,University / professional,/programs/gmat-prep,Low (long-term),Monitor; low priority,P4
6th grade math tutor,0,2,0%,35.5,Grade / course-specific,/programs/mathematics,Low (long-term),Monitor; low priority,P4
ib program tutoring,0,2,0%,35.5,Grade / course-specific,/programs,Low (long-term),Monitor; low priority,P4
vancouver private school physics 12,0,2,0%,39,Grade / course-specific,/physics-12-tutor-vancouver,Low (long-term),Monitor; low priority,P4
college calculus tutors near me,0,2,0%,39.5,University / professional,/programs/university-mathematics,Low (long-term),Monitor; low priority,P4
tutoring for dyslexia,0,2,0%,41,Irrelevant / low-value,— (not a service we offer),Low (long-term),Ignore / mark not-relevant,P4
ib diploma tutoring,0,2,0%,44,Grade / course-specific,/programs,Low (long-term),Monitor; low priority,P4
mr lam physics,0,2,0%,44.5,Subject tutoring,/programs/physics,Low (long-term),Monitor; low priority,P4
8th grade math tutor,0,2,0%,46.5,Grade / course-specific,/programs/mathematics,Low (long-term),Monitor; low priority,P4
10th grade math tutor,0,2,0%,48,Grade / course-specific,/programs/mathematics,Low (long-term),Monitor; low priority,P4
tutor doctor vancouver,0,2,0%,50,Broad tutoring,/math-tutor-vancouver (city hub),Low (long-term),Monitor; low priority,P4
math 106,0,2,0%,54,University / professional,/programs/university-mathematics,Low (long-term),Monitor; low priority,P4
online math tutoring for 6th graders,0,2,0%,58,Grade / course-specific,/programs/mathematics,Low (long-term),Monitor; low priority,P4
chemistry in usa contact,0,2,0%,58.5,Subject tutoring,/programs/chemistry,Low (long-term),Monitor; low priority,P4
grade 8 maths tutor online,0,2,0%,59,Grade / course-specific,/programs/mathematics,Low (long-term),Monitor; low priority,P4
math tutor grade 8,0,2,0%,61,Grade / course-specific,/programs/mathematics,Low (long-term),Monitor; low priority,P4
microeconomics tutor online,0,2,0%,61,University / professional,/online-economics-tutor,Low (long-term),Monitor; low priority,P4
online math tutoring for 8th graders,0,2,0%,62,Grade / course-specific,/programs/mathematics,Low (long-term),Monitor; low priority,P4
tutoring surrey,0,2,0%,62.5,Broad tutoring,/math-tutor-surrey (city hub),Low (long-term),Monitor; low priority,P4
rd exam tutoring,0,2,0%,66.5,Broad tutoring,/ (homepage) or /programs,Low (long-term),Monitor; low priority,P4
tutor places,1,1,100%,1,Broad tutoring,/ (homepage) or /programs,Converting (defend),Keep; protect ranking,P1
in person,1,1,100%,2,Other,/programs,Converting (defend),Keep; protect ranking,P1
reading fluency python,0,1,0%,1,Irrelevant / low-value,— (not a service we offer),Top-3 no clicks (snippet/relevance),Ignore / mark not-relevant,P4
best reading tutor for kids,0,1,0%,1,Irrelevant / low-value,— (not a service we offer),Top-3 no clicks (snippet/relevance),Ignore / mark not-relevant,P4
concept gap,0,1,0%,1,Other,/programs,Top-3 no clicks (snippet/relevance),Rewrite snippet to earn the click,P1
math tutors,0,1,0%,1,Subject tutoring,/programs/mathematics,Top-3 no clicks (snippet/relevance),Rewrite snippet to earn the click,P1
medical sciences tutor usa,0,1,0%,1,Subject tutoring,/programs,Top-3 no clicks (snippet/relevance),Rewrite snippet to earn the click,P1
physics tutors,0,1,0%,1,Subject tutoring,/programs/physics,Top-3 no clicks (snippet/relevance),Rewrite snippet to earn the click,P1
stem tutoring,0,1,0%,1,Subject tutoring,/programs,Top-3 no clicks (snippet/relevance),Rewrite snippet to earn the click,P1
tutoring centres,0,1,0%,1,Broad tutoring,/ (homepage) or /programs,Top-3 no clicks (snippet/relevance),Rewrite snippet to earn the click,P1
tutoring for adhd,0,1,0%,1,Irrelevant / low-value,— (not a service we offer),Top-3 no clicks (snippet/relevance),Ignore / mark not-relevant,P4
tutoring options,0,1,0%,1,Broad tutoring,/ (homepage) or /programs,Top-3 no clicks (snippet/relevance),Rewrite snippet to earn the click,P1
ultrasound burnaby,0,1,0%,1,Other,/programs,Top-3 no clicks (snippet/relevance),Rewrite snippet to earn the click,P1
math tutor jobs near me,0,1,0%,2,Informational (pricing/jobs),"— (recruiting, not target)",Top-3 no clicks (snippet/relevance),Ignore (recruiting query),P1
toturing,0,1,0%,2,Irrelevant / low-value,— (not a service we offer),Top-3 no clicks (snippet/relevance),Ignore / mark not-relevant,P4
tutoring centre,0,1,0%,2,Broad tutoring,/ (homepage) or /programs,Top-3 no clicks (snippet/relevance),Rewrite snippet to earn the click,P1
british columbia,0,1,0%,4,Other,/programs,Striking distance (pos 4-10),Improve snippet + on-page relevance,P2
math learning center,0,1,0%,4,Subject tutoring,/programs/mathematics,Striking distance (pos 4-10),Improve snippet + on-page relevance,P2
tutoring centers near me,0,1,0%,4,Broad tutoring,/ (homepage) or /programs,Striking distance (pos 4-10),Improve snippet + on-page relevance,P2
tutoring richmond,0,1,0%,4,Broad tutoring,/math-tutor-richmond (city hub),Striking distance (pos 4-10),Improve snippet + on-page relevance,P2
tutoring vancouver,0,1,0%,4,Broad tutoring,/math-tutor-vancouver (city hub),Striking distance (pos 4-10),Improve snippet + on-page relevance,P2
grade 11 math tutor near me,0,1,0%,5,Grade / course-specific,/programs/mathematics,Striking distance (pos 4-10),Improve snippet + on-page relevance,P2
sat prep courses,0,1,0%,5,Other,/programs,Striking distance (pos 4-10),Improve snippet + on-page relevance,P2
best tutoring near me,0,1,0%,6,Broad tutoring,/ (homepage) or /programs,Striking distance (pos 4-10),Improve snippet + on-page relevance,P2
physics tuition near me,0,1,0%,6,Subject tutoring,/programs/physics,Striking distance (pos 4-10),Improve snippet + on-page relevance,P2
tutoring math near me,0,1,0%,6,Subject tutoring,/programs/mathematics,Striking distance (pos 4-10),Improve snippet + on-page relevance,P2
grade 10 math tutor,0,1,0%,7,Grade / course-specific,/programs/mathematics,Striking distance (pos 4-10),Improve snippet + on-page relevance,P2
math tutor job,0,1,0%,7,Informational (pricing/jobs),"— (recruiting, not target)",Striking distance (pos 4-10),Ignore (recruiting query),P2
tutoring north vancouver,0,1,0%,8,Broad tutoring,/math-tutor-vancouver (city hub),Striking distance (pos 4-10),Improve snippet + on-page relevance,P2
english tutor burnaby,0,1,0%,9,Broad tutoring,/math-tutor-burnaby (city hub),Striking distance (pos 4-10),Improve snippet + on-page relevance,P2
math tutors near me for high school,0,1,0%,10,Subject tutoring,/programs/mathematics,Striking distance (pos 4-10),Improve snippet + on-page relevance,P2
shreya educare reviews,0,1,0%,10,Branded,/ (homepage) + /about,Striking distance (pos 4-10),Improve snippet + on-page relevance,P2
ap chemistry tutor,0,1,0%,11,Grade / course-specific,/programs/chemistry,Page-2 (build authority),Add depth + internal links to lift to page 1,P3
math tutor near me,0,1,0%,11,Subject tutoring,/programs/mathematics,Page-2 (build authority),Add depth + internal links to lift to page 1,P3
coding tutor,0,1,0%,13,Subject tutoring,/programs/computer-science,Page-2 (build authority),Add depth + internal links to lift to page 1,P3
reading tutor near me,0,1,0%,13,Irrelevant / low-value,— (not a service we offer),Page-2 (build authority),Ignore / mark not-relevant,P4
finance tutor online,0,1,0%,16,Broad tutoring,/ (homepage) or /programs,Page-2 (build authority),Add depth + internal links to lift to page 1,P3
pre calc tutor,0,1,0%,16,Grade / course-specific,/programs/mathematics,Page-2 (build authority),Add depth + internal links to lift to page 1,P3
precalculus 12 bc,0,1,0%,16,Grade / course-specific,/programs/mathematics,Page-2 (build authority),Add depth + internal links to lift to page 1,P3
physics tutor north shore,0,1,0%,17,Subject tutoring,/programs/physics,Page-2 (build authority),Add depth + internal links to lift to page 1,P3
math 100 ubc,0,1,0%,18,University / professional,/programs/university-mathematics,Page-2 (build authority),Add depth + internal links to lift to page 1,P3
physics tutor sfu,0,1,0%,19,University / professional,/programs/university-physics,Page-2 (build authority),Add depth + internal links to lift to page 1,P3
pre calculus 12 bc,0,1,0%,19,Grade / course-specific,/programs/mathematics,Page-2 (build authority),Add depth + internal links to lift to page 1,P3
chemistry tutoring,0,1,0%,23,Subject tutoring,/programs/chemistry,Low (long-term),Monitor; low priority,P4
french classes burnaby,0,1,0%,23,Other,/programs,Low (long-term),Monitor; low priority,P4
grade 11 math tutor vancouver,0,1,0%,23,Grade / course-specific,/grade-11-math-tutor-vancouver,Low (long-term),Monitor; low priority,P4
university tutoring vancouver,0,1,0%,25,University / professional,/university-professional,Low (long-term),Monitor; low priority,P4
pre-calculus 12 bc,0,1,0%,26,Grade / course-specific,/programs/mathematics,Low (long-term),Monitor; low priority,P4
chemistry tutor ubc,0,1,0%,29,University / professional,/programs/university-chemistry,Low (long-term),Monitor; low priority,P4
tutoring in coquitlam bc,0,1,0%,29,Location (not served),"— (out of service area, do not target)",Low (long-term),Ignore / mark not-relevant,P4
international baccalaureate tutoring,0,1,0%,30,Broad tutoring,/ (homepage) or /programs,Low (long-term),Monitor; low priority,P4
precalculus tutor,0,1,0%,32,Grade / course-specific,/programs/mathematics,Low (long-term),Monitor; low priority,P4
math tutor surrey bc,0,1,0%,33,Subject tutoring,/math-tutor-surrey,Low (long-term),Monitor; low priority,P4
new westminster tutors,0,1,0%,33,Broad tutoring,/math-tutor-new-westminster (city hub),Low (long-term),Monitor; low priority,P4
pre calculus tutoring,0,1,0%,33,Grade / course-specific,/programs/mathematics,Low (long-term),Monitor; low priority,P4
computing science tutor,0,1,0%,34,Subject tutoring,/programs,Low (long-term),Monitor; low priority,P4
french tutor in vancouver,0,1,0%,34,Broad tutoring,/math-tutor-vancouver (city hub),Low (long-term),Monitor; low priority,P4
coquitlam tutors,0,1,0%,36,Broad tutoring,/math-tutor-coquitlam (city hub),Low (long-term),Monitor; low priority,P4
math and physics tutoring,0,1,0%,36,Subject tutoring,/programs/physics,Low (long-term),Monitor; low priority,P4
bc pre calculus 12,0,1,0%,37,Grade / course-specific,/programs/mathematics,Low (long-term),Monitor; low priority,P4
french tutor vancouver,0,1,0%,37,Broad tutoring,/math-tutor-vancouver (city hub),Low (long-term),Monitor; low priority,P4
math classes vancouver,0,1,0%,42,Subject tutoring,/math-tutor-vancouver / /vancouver-math-tutor (consolidate to one),Low (long-term),Monitor; low priority,P4
math tutoring north vancouver,0,1,0%,41,Subject tutoring,/math-tutor-vancouver / /vancouver-math-tutor (consolidate to one),Low (long-term),Monitor; low priority,P4
online science tutoring,0,1,0%,41,Subject tutoring,/programs,Low (long-term),Monitor; low priority,P4
pre calculus tutor near me,0,1,0%,46,Grade / course-specific,/programs/mathematics,Low (long-term),Monitor; low priority,P4
math tutor coquitlam,0,1,0%,47,Subject tutoring,/math-tutor-coquitlam,Low (long-term),Monitor; low priority,P4
science tutors,0,1,0%,48,Subject tutoring,/programs,Low (long-term),Monitor; low priority,P4
online chemistry tutor,0,1,0%,50,Subject tutoring,/programs/chemistry,Low (long-term),Monitor; low priority,P4
pre calc 12,0,1,0%,51,Grade / course-specific,/programs/mathematics,Low (long-term),Monitor; low priority,P4
french classes surrey bc,0,1,0%,53,Other,/programs,Low (long-term),Monitor; low priority,P4
physics tutor online,0,1,0%,76,Subject tutoring,/programs/physics,Low (long-term),Monitor; low priority,P4
ib physics tutor,0,1,0%,79,Grade / course-specific,/programs/physics,Low (long-term),Monitor; low priority,P4